date,arena,age_group,home,away,parallel_slot
2026-09-05,Baerum ishall,JU12,Jutul/Jar Kittens,Kongsberg/Tønsberg,0
2026-09-05,Baerum ishall,JU12,Tønsberg,Jar,1
2026-09-05,Baerum ishall,JU12,Jutul/Jar Kittens,Jar,0
2026-09-05,Baerum ishall,JU12,Tønsberg,Kongsberg/Tønsberg,1
2026-09-05,Baerum ishall,JU12,Jutul/Jar Kittens,Tønsberg,0
2026-09-05,Baerum ishall,JU12,Jar,Kongsberg/Tønsberg,1
2026-09-05,Varner Arena / Askerhallen,U12,Frisk Asker 1,Holmen Hockey Hvit,0
2026-09-05,Varner Arena / Askerhallen,U12,Jar Blå,Tønsberg Grå,1
2026-09-05,Varner Arena / Askerhallen,U12,Frisk Asker 1,Tønsberg Grå,0
2026-09-05,Varner Arena / Askerhallen,U12,Jar Blå,Holmen Hockey Hvit,1
2026-09-05,Varner Arena / Askerhallen,U12,Frisk Asker 1,Jar Blå,0
2026-09-05,Varner Arena / Askerhallen,U12,Tønsberg Grå,Holmen Hockey Hvit,1
2027-04-10,Varner Arena / Askerhallen,U8,Frisk Asker 1,Holmen Hockey Sort,0
2027-04-10,Varner Arena / Askerhallen,U8,Frisk Asker 4,Jutul Hvit,1
2027-04-10,Varner Arena / Askerhallen,U8,Holmen Hockey Blå,Ringerike 2,2
2027-04-10,Varner Arena / Askerhallen,U8,Jar Rød,Jar Hvit,3
2027-04-10,Varner Arena / Askerhallen,U8,Frisk Asker 1,Jutul Hvit,0
2027-04-10,Varner Arena / Askerhallen,U8,Ringerike 2,Holmen Hockey Sort,1
2027-04-10,Varner Arena / Askerhallen,U8,Jar Hvit,Frisk Asker 4,2
2027-04-10,Varner Arena / Askerhallen,U8,Jar Rød,Holmen Hockey Blå,3
2027-04-10,Varner Arena / Askerhallen,U8,Frisk Asker 1,Ringerike 2,0
2027-04-10,Varner Arena / Askerhallen,U8,Jutul Hvit,Jar Hvit,1
2027-04-10,Varner Arena / Askerhallen,U8,Holmen Hockey Sort,Jar Rød,2
2027-04-10,Varner Arena / Askerhallen,U8,Frisk Asker 4,Holmen Hockey Blå,3
2027-04-10,Varner Arena / Askerhallen,U8,Frisk Asker 1,Jar Hvit,0
2027-04-10,Varner Arena / Askerhallen,U8,Jar Rød,Ringerike 2,1
2027-04-10,Varner Arena / Askerhallen,U8,Holmen Hockey Blå,Jutul Hvit,2
2027-04-10,Varner Arena / Askerhallen,U8,Frisk Asker 4,Holmen Hockey Sort,3
2027-04-10,Varner Arena / Askerhallen,U8,Frisk Asker 1,Jar Rød,0
2027-04-10,Varner Arena / Askerhallen,U8,Jar Hvit,Holmen Hockey Blå,1
2027-04-10,Varner Arena / Askerhallen,U8,Ringerike 2,Frisk Asker 4,2
2027-04-10,Varner Arena / Askerhallen,U8,Jutul Hvit,Holmen Hockey Sort,3
2027-04-10,Varner Arena / Askerhallen,U8,Frisk Asker 1,Holmen Hockey Blå,0
2027-04-10,Varner Arena / Askerhallen,U8,Frisk Asker 4,Jar Rød,1
2027-04-10,Varner Arena / Askerhallen,U8,Holmen Hockey Sort,Jar Hvit,2
2027-04-10,Varner Arena / Askerhallen,U8,Jutul Hvit,Ringerike 2,3
2027-04-10,Varner Arena / Askerhallen,U8,Frisk Asker 1,Frisk Asker 4,0
2027-04-10,Varner Arena / Askerhallen,U8,Holmen Hockey Blå,Holmen Hockey Sort,1
2027-04-10,Varner Arena / Askerhallen,U8,Jar Rød,Jutul Hvit,2
2027-04-10,Varner Arena / Askerhallen,U8,Jar Hvit,Ringerike 2,3
2027-01-23,Ringerikshallen,U9,Ringerike 1,Sandefjord,0
2027-01-23,Ringerikshallen,U9,Jutul Rød,Jutul Gul,1
2027-01-23,Ringerikshallen,U9,Holmen Hockey Sort,Frisk Asker 3,2
2027-01-23,Ringerikshallen,U9,Jar Hvit,Frisk Asker 4,3
2027-01-23,Ringerikshallen,U9,Ringerike 1,Jutul Gul,0
2027-01-23,Ringerikshallen,U9,Frisk Asker 3,Sandefjord,1
2027-01-23,Ringerikshallen,U9,Frisk Asker 4,Jutul Rød,2
2027-01-23,Ringerikshallen,U9,Jar Hvit,Holmen Hockey Sort,3
2027-01-23,Ringerikshallen,U9,Ringerike 1,Frisk Asker 3,0
2027-01-23,Ringerikshallen,U9,Jutul Gul,Frisk Asker 4,1
2027-01-23,Ringerikshallen,U9,Sandefjord,Jar Hvit,2
2027-01-23,Ringerikshallen,U9,Jutul Rød,Holmen Hockey Sort,3
2027-01-23,Ringerikshallen,U9,Ringerike 1,Frisk Asker 4,0
2027-01-23,Ringerikshallen,U9,Jar Hvit,Frisk Asker 3,1
2027-01-23,Ringerikshallen,U9,Holmen Hockey Sort,Jutul Gul,2
2027-01-23,Ringerikshallen,U9,Jutul Rød,Sandefjord,3
2027-01-23,Ringerikshallen,U9,Ringerike 1,Jar Hvit,0
2027-01-23,Ringerikshallen,U9,Frisk Asker 4,Holmen Hockey Sort,1
2027-01-23,Ringerikshallen,U9,Frisk Asker 3,Jutul Rød,2
2027-01-23,Ringerikshallen,U9,Jutul Gul,Sandefjord,3
2027-01-23,Ringerikshallen,U9,Ringerike 1,Holmen Hockey Sort,0
2027-01-23,Ringerikshallen,U9,Jutul Rød,Jar Hvit,1
2027-01-23,Ringerikshallen,U9,Sandefjord,Frisk Asker 4,2
2027-01-23,Ringerikshallen,U9,Jutul Gul,Frisk Asker 3,3
2027-01-23,Ringerikshallen,U9,Ringerike 1,Jutul Rød,0
2027-01-23,Ringerikshallen,U9,Holmen Hockey Sort,Sandefjord,1
2027-01-23,Ringerikshallen,U9,Jar Hvit,Jutul Gul,2
2027-01-23,Ringerikshallen,U9,Frisk Asker 4,Frisk Asker 3,3
2027-01-31,Baerum ishall,U11,Jutul Grønn,Ringerike 2,0
2027-01-31,Baerum ishall,U11,Skien,Tønsberg Rød,1
2027-01-31,Baerum ishall,U11,Jar Blå,Frisk Asker 3,2
2027-01-31,Baerum ishall,U11,Jutul Grønn,Tønsberg Rød,0
2027-01-31,Baerum ishall,U11,Frisk Asker 3,Ringerike 2,1
2027-01-31,Baerum ishall,U11,Jar Blå,Skien,2
2027-01-31,Baerum ishall,U11,Jutul Grønn,Frisk Asker 3,0
2027-01-31,Baerum ishall,U11,Tønsberg Rød,Jar Blå,1
2027-01-31,Baerum ishall,U11,Ringerike 2,Skien,2
2027-01-31,Baerum ishall,U11,Jutul Grønn,Jar Blå,0
2027-01-31,Baerum ishall,U11,Skien,Frisk Asker 3,1
2027-01-31,Baerum ishall,U11,Ringerike 2,Tønsberg Rød,2
2027-01-31,Baerum ishall,U11,Jutul Grønn,Skien,0
2027-01-31,Baerum ishall,U11,Jar Blå,Ringerike 2,1
2027-01-31,Baerum ishall,U11,Frisk Asker 3,Tønsberg Rød,2
2026-09-06,Holmenkollen ishall,U12,Jar Hvit,Ringerike 2,0
2026-09-06,Holmenkollen ishall,U12,Frisk Asker 4,Tønsberg Hvit,1
2026-09-06,Holmenkollen ishall,U12,Jar Hvit,Tønsberg Hvit,0
2026-09-06,Holmenkollen ishall,U12,Frisk Asker 4,Ringerike 2,1
2026-09-06,Holmenkollen ishall,U12,Jar Hvit,Frisk Asker 4,0
2026-09-06,Holmenkollen ishall,U12,Tønsberg Hvit,Ringerike 2,1
2026-09-12,Baerum ishall,JU10,Skien,Frisk Asker Orange,0
2026-09-12,Baerum ishall,JU10,Jar Rød,Ringerike 1,1
2026-09-12,Baerum ishall,JU10,Jar Blå,Jar Hvit,2
2026-09-12,Baerum ishall,JU10,Skien,Ringerike 1,0
2026-09-12,Baerum ishall,JU10,Jar Hvit,Frisk Asker Orange,1
2026-09-12,Baerum ishall,JU10,Jar Blå,Jar Rød,2
2026-09-12,Baerum ishall,JU10,Skien,Jar Hvit,0
2026-09-12,Baerum ishall,JU10,Ringerike 1,Jar Blå,1
2026-09-12,Baerum ishall,JU10,Frisk Asker Orange,Jar Rød,2
2026-09-12,Baerum ishall,JU10,Skien,Jar Blå,0
2026-09-12,Baerum ishall,JU10,Jar Rød,Jar Hvit,1
2026-09-12,Baerum ishall,JU10,Frisk Asker Orange,Ringerike 1,2
2026-09-12,Baerum ishall,JU10,Skien,Jar Rød,0
2026-09-12,Baerum ishall,JU10,Jar Blå,Frisk Asker Orange,1
2026-09-12,Baerum ishall,JU10,Jar Hvit,Ringerike 1,2
2026-09-12,Sandefjord ishall,U11,Jar Grønn,Frisk Asker 4,0
2026-09-12,Sandefjord ishall,U11,Tønsberg Grå,Kongsberg,1
2026-09-12,Sandefjord ishall,U11,Jar Rød,Holmen Hockey Hvit,2
2026-09-12,Sandefjord ishall,U11,Jar Grønn,Kongsberg,0
2026-09-12,Sandefjord ishall,U11,Holmen Hockey Hvit,Frisk Asker 4,1
2026-09-12,Sandefjord ishall,U11,Jar Rød,Tønsberg Grå,2
2026-09-12,Sandefjord ishall,U11,Jar Grønn,Holmen Hockey Hvit,0
2026-09-12,Sandefjord ishall,U11,Kongsberg,Jar Rød,1
2026-09-12,Sandefjord ishall,U11,Frisk Asker 4,Tønsberg Grå,2
2026-09-12,Sandefjord ishall,U11,Jar Grønn,Jar Rød,0
2026-09-12,Sandefjord ishall,U11,Tønsberg Grå,Holmen Hockey Hvit,1
2026-09-12,Sandefjord ishall,U11,Frisk Asker 4,Kongsberg,2
2026-09-12,Sandefjord ishall,U11,Jar Grønn,Tønsberg Grå,0
2026-09-12,Sandefjord ishall,U11,Jar Rød,Frisk Asker 4,1
2026-09-12,Sandefjord ishall,U11,Holmen Hockey Hvit,Kongsberg,2
2026-09-12,Baerum ishall,U12,Jutul Grønn,Tønsberg Rød,0
2026-09-12,Baerum ishall,U12,Jar Lilla,Holmen Hockey Rød,1
2026-09-12,Baerum ishall,U12,Jutul Grønn,Holmen Hockey Rød,0
2026-09-12,Baerum ishall,U12,Jar Lilla,Tønsberg Rød,1
2026-09-12,Baerum ishall,U12,Jutul Grønn,Jar Lilla,0
2026-09-12,Baerum ishall,U12,Holmen Hockey Rød,Tønsberg Rød,1
2026-09-12,Baerum ishall,U7,Jutul Grønn,Jar Grønn,0
2026-09-12,Baerum ishall,U7,Frisk Asker 1,Holmen Hockey Hvit,1
2026-09-12,Baerum ishall,U7,Jar Blå,Holmen Hockey Rød,2
2026-09-12,Baerum ishall,U7,Tønsberg,Frisk Asker 2,3
2026-09-12,Baerum ishall,U7,Jutul Grønn,Holmen Hockey Hvit,0
2026-09-12,Baerum ishall,U7,Holmen Hockey Rød,Jar Grønn,1
2026-09-12,Baerum ishall,U7,Frisk Asker 2,Frisk Asker 1,2
2026-09-12,Baerum ishall,U7,Tønsberg,Jar Blå,3
2026-09-12,Baerum ishall,U7,Jutul Grønn,Holmen Hockey Rød,0
2026-09-12,Baerum ishall,U7,Holmen Hockey Hvit,Frisk Asker 2,1
2026-09-12,Baerum ishall,U7,Jar Grønn,Tønsberg,2
2026-09-12,Baerum ishall,U7,Frisk Asker 1,Jar Blå,3
2026-09-12,Baerum ishall,U7,Jutul Grønn,Frisk Asker 2,0
2026-09-12,Baerum ishall,U7,Tønsberg,Holmen Hockey Rød,1
2026-09-12,Baerum ishall,U7,Jar Blå,Holmen Hockey Hvit,2
2026-09-12,Baerum ishall,U7,Frisk Asker 1,Jar Grønn,3
2026-09-12,Baerum ishall,U7,Jutul Grønn,Tønsberg,0
2026-09-12,Baerum ishall,U7,Frisk Asker 2,Jar Blå,1
2026-09-12,Baerum ishall,U7,Holmen Hockey Rød,Frisk Asker 1,2
2026-09-12,Baerum ishall,U7,Holmen Hockey Hvit,Jar Grønn,3
2026-09-12,Baerum ishall,U7,Jutul Grønn,Jar Blå,0
2026-09-12,Baerum ishall,U7,Frisk Asker 1,Tønsberg,1
2026-09-12,Baerum ishall,U7,Jar Grønn,Frisk Asker 2,2
2026-09-12,Baerum ishall,U7,Holmen Hockey Hvit,Holmen Hockey Rød,3
2026-09-12,Baerum ishall,U7,Jutul Grønn,Frisk Asker 1,0
2026-09-12,Baerum ishall,U7,Jar Blå,Jar Grønn,1
2026-09-12,Baerum ishall,U7,Tønsberg,Holmen Hockey Hvit,2
2026-09-12,Baerum ishall,U7,Frisk Asker 2,Holmen Hockey Rød,3
2026-09-13,Baerum ishall,JU12,Jutul Kittens,Ringerike 2,0
2026-09-13,Baerum ishall,JU12,Jar Hvit,Frisk Asker Svart,1
2026-09-13,Baerum ishall,JU12,Jutul Kittens,Frisk Asker Svart,0
2026-09-13,Baerum ishall,JU12,Jar Hvit,Ringerike 2,1
2026-09-13,Baerum ishall,JU12,Jutul Kittens,Jar Hvit,0
2026-09-13,Baerum ishall,JU12,Frisk Asker Svart,Ringerike 2,1
2026-09-13,Baerum ishall,U10,Jutul Rød,Jar Grønn,0
2026-09-13,Baerum ishall,U10,Kongsberg,Ringerike 4,1
2026-09-13,Baerum ishall,U10,Frisk Asker 1,Frisk Asker 2,2
2026-09-13,Baerum ishall,U10,Jutul Rød,Ringerike 4,0
2026-09-13,Baerum ishall,U10,Frisk Asker 2,Jar Grønn,1
2026-09-13,Baerum ishall,U10,Frisk Asker 1,Kongsberg,2
2026-09-13,Baerum ishall,U10,Jutul Rød,Frisk Asker 2,0
2026-09-13,Baerum ishall,U10,Ringerike 4,Frisk Asker 1,1
2026-09-13,Baerum ishall,U10,Jar Grønn,Kongsberg,2
2026-09-13,Baerum ishall,U10,Jutul Rød,Frisk Asker 1,0
2026-09-13,Baerum ishall,U10,Kongsberg,Frisk Asker 2,1
2026-09-13,Baerum ishall,U10,Jar Grønn,Ringerike 4,2
2026-09-13,Baerum ishall,U10,Jutul Rød,Kongsberg,0
2026-09-13,Baerum ishall,U10,Frisk Asker 1,Jar Grønn,1
2026-09-13,Baerum ishall,U10,Frisk Asker 2,Ringerike 4,2
2026-09-13,Baerum ishall,U11,Jutul Grønn,Sandefjord,0
2026-09-13,Baerum ishall,U11,Frisk Asker 2,Jar Oransje,1
2026-09-13,Baerum ishall,U11,Tønsberg Hvit,Jar Lilla,2
2026-09-13,Baerum ishall,U11,Jutul Grønn,Jar Oransje,0
2026-09-13,Baerum ishall,U11,Jar Lilla,Sandefjord,1
2026-09-13,Baerum ishall,U11,Tønsberg Hvit,Frisk Asker 2,2
2026-09-13,Baerum ishall,U11,Jutul Grønn,Jar Lilla,0
2026-09-13,Baerum ishall,U11,Jar Oransje,Tønsberg Hvit,1
2026-09-13,Baerum ishall,U11,Sandefjord,Frisk Asker 2,2
2026-09-13,Baerum ishall,U11,Jutul Grønn,Tønsberg Hvit,0
2026-09-13,Baerum ishall,U11,Frisk Asker 2,Jar Lilla,1
2026-09-13,Baerum ishall,U11,Sandefjord,Jar Oransje,2
2026-09-13,Baerum ishall,U11,Jutul Grønn,Frisk Asker 2,0
2026-09-13,Baerum ishall,U11,Tønsberg Hvit,Sandefjord,1
2026-09-13,Baerum ishall,U11,Jar Lilla,Jar Oransje,2
2026-10-25,Skien ishall,JU8,Jutul Grønn,Jar Rød,0
2026-10-25,Skien ishall,JU8,Jutul Kittens,Ringerike 1,1
2026-10-25,Skien ishall,JU8,Jar,Frisk Asker,2
2026-10-25,Skien ishall,JU8,Skien,Jar Rød,0
2026-10-25,Skien ishall,JU8,Frisk Asker,Jutul Grønn,1
2026-10-25,Skien ishall,JU8,Jar,Jutul Kittens,2
2026-10-25,Skien ishall,JU8,Skien,Ringerike 1,0
2026-10-25,Skien ishall,JU8,Jar Rød,Frisk Asker,1
2026-10-25,Skien ishall,JU8,Jutul Grønn,Jutul Kittens,2
2026-10-25,Skien ishall,JU8,Skien,Frisk Asker,0
2026-10-25,Skien ishall,JU8,Jar,Ringerike 1,1
2026-10-25,Skien ishall,JU8,Jutul Kittens,Jar Rød,2
2026-10-25,Skien ishall,JU8,Skien,Jar,0
2026-10-25,Skien ishall,JU8,Frisk Asker,Jutul Kittens,1
2026-10-25,Skien ishall,JU8,Ringerike 1,Jutul Grønn,2
2026-10-25,Skien ishall,JU8,Skien,Jutul Kittens,0
2026-10-25,Skien ishall,JU8,Jutul Grønn,Jar,1
2026-10-25,Skien ishall,JU8,Jar Rød,Ringerike 1,2
2026-10-25,Skien ishall,JU8,Skien,Jutul Grønn,0
2026-10-25,Skien ishall,JU8,Jar,Jar Rød,1
2026-10-25,Skien ishall,JU8,Frisk Asker,Ringerike 1,2
2026-10-25,Skien ishall,JU8,(Pause),Skien,
2026-10-25,Skien ishall,JU8,(Pause),Ringerike 1,
2026-10-25,Skien ishall,JU8,(Pause),Jar,
2026-10-25,Skien ishall,JU8,(Pause),Jutul Grønn,
2026-10-25,Skien ishall,JU8,(Pause),Jar Rød,
2026-10-25,Skien ishall,JU8,(Pause),Frisk Asker,
2026-10-25,Skien ishall,JU8,(Pause),Jutul Kittens,
2026-11-14,Jarhallen,U11,Jar Oransje,Skien,0
2026-11-14,Jarhallen,U11,Jar Rød,Ringerike 2,1
2026-11-14,Jarhallen,U11,Sandefjord,Frisk Asker 1,2
2026-11-14,Jarhallen,U11,Jar Oransje,Ringerike 2,0
2026-11-14,Jarhallen,U11,Frisk Asker 1,Skien,1
2026-11-14,Jarhallen,U11,Sandefjord,Jar Rød,2
2026-11-14,Jarhallen,U11,Jar Oransje,Frisk Asker 1,0
2026-11-14,Jarhallen,U11,Ringerike 2,Sandefjord,1
2026-11-14,Jarhallen,U11,Skien,Jar Rød,2
2026-11-14,Jarhallen,U11,Jar Oransje,Sandefjord,0
2026-11-14,Jarhallen,U11,Jar Rød,Frisk Asker 1,1
2026-11-14,Jarhallen,U11,Skien,Ringerike 2,2
2026-11-14,Jarhallen,U11,Jar Oransje,Jar Rød,0
2026-11-14,Jarhallen,U11,Sandefjord,Skien,1
2026-11-14,Jarhallen,U11,Frisk Asker 1,Ringerike 2,2
2026-09-19,Holmenkollen ishall,U12,Jar Svart,Ringerike 1,0
2026-09-19,Holmenkollen ishall,U12,Jar Rød,Jutul Grønn,1
2026-09-19,Holmenkollen ishall,U12,Jar Svart,Jutul Grønn,0
2026-09-19,Holmenkollen ishall,U12,Jar Rød,Ringerike 1,1
2026-09-19,Holmenkollen ishall,U12,Jar Svart,Jar Rød,0
2026-09-19,Holmenkollen ishall,U12,Jutul Grønn,Ringerike 1,1
2026-09-19,Sandefjord ishall,U8,Jar Blå,Ringerike 2,0
2026-09-19,Sandefjord ishall,U8,Holmen Hockey Hvit,Frisk Asker 3,1
2026-09-19,Sandefjord ishall,U8,Jutul Rød,Holmen Hockey Rød,2
2026-09-19,Sandefjord ishall,U8,Frisk Asker 2,Jutul Grønn,3
2026-09-19,Sandefjord ishall,U8,Jar Blå,Frisk Asker 3,0
2026-09-19,Sandefjord ishall,U8,Holmen Hockey Rød,Ringerike 2,1
2026-09-19,Sandefjord ishall,U8,Jutul Grønn,Holmen Hockey Hvit,2
2026-09-19,Sandefjord ishall,U8,Frisk Asker 2,Jutul Rød,3
2026-09-19,Sandefjord ishall,U8,Jar Blå,Holmen Hockey Rød,0
2026-09-19,Sandefjord ishall,U8,Frisk Asker 3,Jutul Grønn,1
2026-09-19,Sandefjord ishall,U8,Ringerike 2,Frisk Asker 2,2
2026-09-19,Sandefjord ishall,U8,Holmen Hockey Hvit,Jutul Rød,3
2026-09-19,Sandefjord ishall,U8,Jar Blå,Jutul Grønn,0
2026-09-19,Sandefjord ishall,U8,Frisk Asker 2,Holmen Hockey Rød,1
2026-09-19,Sandefjord ishall,U8,Jutul Rød,Frisk Asker 3,2
2026-09-19,Sandefjord ishall,U8,Holmen Hockey Hvit,Ringerike 2,3
2026-09-19,Sandefjord ishall,U8,Jar Blå,Frisk Asker 2,0
2026-09-19,Sandefjord ishall,U8,Jutul Grønn,Jutul Rød,1
2026-09-19,Sandefjord ishall,U8,Holmen Hockey Rød,Holmen Hockey Hvit,2
2026-09-19,Sandefjord ishall,U8,Frisk Asker 3,Ringerike 2,3
2026-09-19,Sandefjord ishall,U8,Jar Blå,Jutul Rød,0
2026-09-19,Sandefjord ishall,U8,Holmen Hockey Hvit,Frisk Asker 2,1
2026-09-19,Sandefjord ishall,U8,Ringerike 2,Jutul Grønn,2
2026-09-19,Sandefjord ishall,U8,Frisk Asker 3,Holmen Hockey Rød,3
2026-09-19,Sandefjord ishall,U8,Jar Blå,Holmen Hockey Hvit,0
2026-09-19,Sandefjord ishall,U8,Jutul Rød,Ringerike 2,1
2026-09-19,Sandefjord ishall,U8,Frisk Asker 2,Frisk Asker 3,2
2026-09-19,Sandefjord ishall,U8,Jutul Grønn,Holmen Hockey Rød,3
2026-09-20,Baerum ishall,JU12,Jutul/Jar Kittens,Kongsberg/Tønsberg,0
2026-09-20,Baerum ishall,JU12,Skien,Frisk Asker Orange,1
2026-09-20,Baerum ishall,JU12,Jutul/Jar Kittens,Frisk Asker Orange,0
2026-09-20,Baerum ishall,JU12,Skien,Kongsberg/Tønsberg,1
2026-09-20,Baerum ishall,JU12,Jutul/Jar Kittens,Skien,0
2026-09-20,Baerum ishall,JU12,Frisk Asker Orange,Kongsberg/Tønsberg,1
2026-09-20,Baerum ishall,U10,Jutul Grønn,Tønsberg,0
2026-09-20,Baerum ishall,U10,Jar Grønn,Ringerike 1,1
2026-09-20,Baerum ishall,U10,Frisk Asker 2,Holmen Hockey Hvit,2
2026-09-20,Baerum ishall,U10,Jutul Grønn,Ringerike 1,0
2026-09-20,Baerum ishall,U10,Holmen Hockey Hvit,Tønsberg,1
2026-09-20,Baerum ishall,U10,Frisk Asker 2,Jar Grønn,2
2026-09-20,Baerum ishall,U10,Jutul Grønn,Holmen Hockey Hvit,0
2026-09-20,Baerum ishall,U10,Ringerike 1,Frisk Asker 2,1
2026-09-20,Baerum ishall,U10,Tønsberg,Jar Grønn,2
2026-09-20,Baerum ishall,U10,Jutul Grønn,Frisk Asker 2,0
2026-09-20,Baerum ishall,U10,Jar Grønn,Holmen Hockey Hvit,1
2026-09-20,Baerum ishall,U10,Tønsberg,Ringerike 1,2
2026-09-20,Baerum ishall,U10,Jutul Grønn,Jar Grønn,0
2026-09-20,Baerum ishall,U10,Frisk Asker 2,Tønsberg,1
2026-09-20,Baerum ishall,U10,Holmen Hockey Hvit,Ringerike 1,2
2026-09-20,Ringerikshallen,U12,Ringerike 2,Jar Blå,0
2026-09-20,Ringerikshallen,U12,Holmen Hockey Rød,Tønsberg Hvit,1
2026-09-20,Ringerikshallen,U12,Ringerike 2,Tønsberg Hvit,0
2026-09-20,Ringerikshallen,U12,Holmen Hockey Rød,Jar Blå,1
2026-09-20,Ringerikshallen,U12,Ringerike 2,Holmen Hockey Rød,0
2026-09-20,Ringerikshallen,U12,Tønsberg Hvit,Jar Blå,1
2026-09-26,Ringerikshallen,U10,Ringerike 3,Frisk Asker 4,0
2026-09-26,Ringerikshallen,U10,Holmen Hockey Sort,Jutul Rød,1
2026-09-26,Ringerikshallen,U10,Frisk Asker 3,Jar Blå,2
2026-09-26,Ringerikshallen,U10,Ringerike 3,Jutul Rød,0
2026-09-26,Ringerikshallen,U10,Jar Blå,Frisk Asker 4,1
2026-09-26,Ringerikshallen,U10,Frisk Asker 3,Holmen Hockey Sort,2
2026-09-26,Ringerikshallen,U10,Ringerike 3,Jar Blå,0
2026-09-26,Ringerikshallen,U10,Jutul Rød,Frisk Asker 3,1
2026-09-26,Ringerikshallen,U10,Frisk Asker 4,Holmen Hockey Sort,2
2026-09-26,Ringerikshallen,U10,Ringerike 3,Frisk Asker 3,0
2026-09-26,Ringerikshallen,U10,Holmen Hockey Sort,Jar Blå,1
2026-09-26,Ringerikshallen,U10,Frisk Asker 4,Jutul Rød,2
2026-09-26,Ringerikshallen,U10,Ringerike 3,Holmen Hockey Sort,0
2026-09-26,Ringerikshallen,U10,Frisk Asker 3,Frisk Asker 4,1
2026-09-26,Ringerikshallen,U10,Jar Blå,Jutul Rød,2
2026-09-26,Varner Arena / Askerhallen,U11,Frisk Asker 1,Jar Svart,0
2026-09-26,Varner Arena / Askerhallen,U11,Skien,Ringerike 1,1
2026-09-26,Varner Arena / Askerhallen,U11,Jar Rød,Tønsberg Rød,2
2026-09-26,Varner Arena / Askerhallen,U11,Frisk Asker 1,Ringerike 1,0
2026-09-26,Varner Arena / Askerhallen,U11,Tønsberg Rød,Jar Svart,1
2026-09-26,Varner Arena / Askerhallen,U11,Jar Rød,Skien,2
2026-09-26,Varner Arena / Askerhallen,U11,Frisk Asker 1,Tønsberg Rød,0
2026-09-26,Varner Arena / Askerhallen,U11,Ringerike 1,Jar Rød,1
2026-09-26,Varner Arena / Askerhallen,U11,Jar Svart,Skien,2
2026-09-26,Varner Arena / Askerhallen,U11,Frisk Asker 1,Jar Rød,0
2026-09-26,Varner Arena / Askerhallen,U11,Skien,Tønsberg Rød,1
2026-09-26,Varner Arena / Askerhallen,U11,Jar Svart,Ringerike 1,2
2026-09-26,Varner Arena / Askerhallen,U11,Frisk Asker 1,Skien,0
2026-09-26,Varner Arena / Askerhallen,U11,Jar Rød,Jar Svart,1
2026-09-26,Varner Arena / Askerhallen,U11,Tønsberg Rød,Ringerike 1,2
2026-09-26,Baerum ishall,U12,Jutul Rød,Tønsberg Grå,0
2026-09-26,Baerum ishall,U12,Jar Lilla,Frisk Asker 2,1
2026-09-26,Baerum ishall,U12,Jutul Rød,Frisk Asker 2,0
2026-09-26,Baerum ishall,U12,Jar Lilla,Tønsberg Grå,1
2026-09-26,Baerum ishall,U12,Jutul Rød,Jar Lilla,0
2026-09-26,Baerum ishall,U12,Frisk Asker 2,Tønsberg Grå,1
2026-09-26,Holmenkollen ishall,U9,Holmen Hockey Rød,Jar Hvit,0
2026-09-26,Holmenkollen ishall,U9,Holmen Hockey Sort,Sandefjord,1
2026-09-26,Holmenkollen ishall,U9,Jutul Grønn,Frisk Asker 2,2
2026-09-26,Holmenkollen ishall,U9,Jar Blå,Kongsberg,3
2026-09-26,Holmenkollen ishall,U9,Holmen Hockey Rød,Sandefjord,0
2026-09-26,Holmenkollen ishall,U9,Frisk Asker 2,Jar Hvit,1
2026-09-26,Holmenkollen ishall,U9,Kongsberg,Holmen Hockey Sort,2
2026-09-26,Holmenkollen ishall,U9,Jar Blå,Jutul Grønn,3
2026-09-26,Holmenkollen ishall,U9,Holmen Hockey Rød,Frisk Asker 2,0
2026-09-26,Holmenkollen ishall,U9,Sandefjord,Kongsberg,1
2026-09-26,Holmenkollen ishall,U9,Jar Hvit,Jar Blå,2
2026-09-26,Holmenkollen ishall,U9,Holmen Hockey Sort,Jutul Grønn,3
2026-09-26,Holmenkollen ishall,U9,Holmen Hockey Rød,Kongsberg,0
2026-09-26,Holmenkollen ishall,U9,Jar Blå,Frisk Asker 2,1
2026-09-26,Holmenkollen ishall,U9,Jutul Grønn,Sandefjord,2
2026-09-26,Holmenkollen ishall,U9,Holmen Hockey Sort,Jar Hvit,3
2026-09-26,Holmenkollen ishall,U9,Holmen Hockey Rød,Jar Blå,0
2026-09-26,Holmenkollen ishall,U9,Kongsberg,Jutul Grønn,1
2026-09-26,Holmenkollen ishall,U9,Frisk Asker 2,Holmen Hockey Sort,2
2026-09-26,Holmenkollen ishall,U9,Sandefjord,Jar Hvit,3
2026-09-26,Holmenkollen ishall,U9,Holmen Hockey Rød,Jutul Grønn,0
2026-09-26,Holmenkollen ishall,U9,Holmen Hockey Sort,Jar Blå,1
2026-09-26,Holmenkollen ishall,U9,Jar Hvit,Kongsberg,2
2026-09-26,Holmenkollen ishall,U9,Sandefjord,Frisk Asker 2,3
2026-09-26,Holmenkollen ishall,U9,Holmen Hockey Rød,Holmen Hockey Sort,0
2026-09-26,Holmenkollen ishall,U9,Jutul Grønn,Jar Hvit,1
2026-09-26,Holmenkollen ishall,U9,Jar Blå,Sandefjord,2
2026-09-26,Holmenkollen ishall,U9,Kongsberg,Frisk Asker 2,3
2026-10-10,Skien ishall,JU12,Skien,Frisk Asker Svart,0
2026-10-10,Skien ishall,JU12,Kongsberg/Tønsberg,Ringerike 1,1
2026-10-10,Skien ishall,JU12,Skien,Ringerike 1,0
2026-10-10,Skien ishall,JU12,Kongsberg/Tønsberg,Frisk Asker Svart,1
2026-10-10,Skien ishall,JU12,Skien,Kongsberg/Tønsberg,0
2026-10-10,Skien ishall,JU12,Ringerike 1,Frisk Asker Svart,1
2026-09-27,Baerum ishall,U11,Jutul Rød,Tønsberg Grå,0
2026-09-27,Baerum ishall,U11,Holmen Hockey Hvit,Jar Hvit,1
2026-09-27,Baerum ishall,U11,Jar Blå,Frisk Asker 2,2
2026-09-27,Baerum ishall,U11,Jutul Rød,Jar Hvit,0
2026-09-27,Baerum ishall,U11,Frisk Asker 2,Tønsberg Grå,1
2026-09-27,Baerum ishall,U11,Jar Blå,Holmen Hockey Hvit,2
2026-09-27,Baerum ishall,U11,Jutul Rød,Frisk Asker 2,0
2026-09-27,Baerum ishall,U11,Jar Hvit,Jar Blå,1
2026-09-27,Baerum ishall,U11,Tønsberg Grå,Holmen Hockey Hvit,2
2026-09-27,Baerum ishall,U11,Jutul Rød,Jar Blå,0
2026-09-27,Baerum ishall,U11,Holmen Hockey Hvit,Frisk Asker 2,1
2026-09-27,Baerum ishall,U11,Tønsberg Grå,Jar Hvit,2
2026-09-27,Baerum ishall,U11,Jutul Rød,Holmen Hockey Hvit,0
2026-09-27,Baerum ishall,U11,Jar Blå,Tønsberg Grå,1
2026-09-27,Baerum ishall,U11,Frisk Asker 2,Jar Hvit,2
2027-04-11,Varner Arena / Askerhallen,U7,Frisk Asker 3,Jar Blå,0
2027-04-11,Varner Arena / Askerhallen,U7,Frisk Asker 1,Holmen Hockey Hvit,1
2027-04-11,Varner Arena / Askerhallen,U7,Jar Hvit,Sandefjord,2
2027-04-11,Varner Arena / Askerhallen,U7,Holmen Hockey Sort,Jutul Hvit,3
2027-04-11,Varner Arena / Askerhallen,U7,Frisk Asker 3,Holmen Hockey Hvit,0
2027-04-11,Varner Arena / Askerhallen,U7,Sandefjord,Jar Blå,1
2027-04-11,Varner Arena / Askerhallen,U7,Jutul Hvit,Frisk Asker 1,2
2027-04-11,Varner Arena / Askerhallen,U7,Holmen Hockey Sort,Jar Hvit,3
2027-04-11,Varner Arena / Askerhallen,U7,Frisk Asker 3,Sandefjord,0
2027-04-11,Varner Arena / Askerhallen,U7,Holmen Hockey Hvit,Jutul Hvit,1
2027-04-11,Varner Arena / Askerhallen,U7,Jar Blå,Holmen Hockey Sort,2
2027-04-11,Varner Arena / Askerhallen,U7,Frisk Asker 1,Jar Hvit,3
2027-04-11,Varner Arena / Askerhallen,U7,Frisk Asker 3,Jutul Hvit,0
2027-04-11,Varner Arena / Askerhallen,U7,Holmen Hockey Sort,Sandefjord,1
2027-04-11,Varner Arena / Askerhallen,U7,Jar Hvit,Holmen Hockey Hvit,2
2027-04-11,Varner Arena / Askerhallen,U7,Frisk Asker 1,Jar Blå,3
2027-04-11,Varner Arena / Askerhallen,U7,Frisk Asker 3,Holmen Hockey Sort,0
2027-04-11,Varner Arena / Askerhallen,U7,Jutul Hvit,Jar Hvit,1
2027-04-11,Varner Arena / Askerhallen,U7,Sandefjord,Frisk Asker 1,2
2027-04-11,Varner Arena / Askerhallen,U7,Holmen Hockey Hvit,Jar Blå,3
2027-04-11,Varner Arena / Askerhallen,U7,Frisk Asker 3,Jar Hvit,0
2027-04-11,Varner Arena / Askerhallen,U7,Frisk Asker 1,Holmen Hockey Sort,1
2027-04-11,Varner Arena / Askerhallen,U7,Jar Blå,Jutul Hvit,2
2027-04-11,Varner Arena / Askerhallen,U7,Holmen Hockey Hvit,Sandefjord,3
2027-04-11,Varner Arena / Askerhallen,U7,Frisk Asker 3,Frisk Asker 1,0
2027-04-11,Varner Arena / Askerhallen,U7,Jar Hvit,Jar Blå,1
2027-04-11,Varner Arena / Askerhallen,U7,Holmen Hockey Sort,Holmen Hockey Hvit,2
2027-04-11,Varner Arena / Askerhallen,U7,Jutul Hvit,Sandefjord,3
2026-10-03,Varner Arena / Askerhallen,U11,Frisk Asker 3,Sandefjord,0
2026-10-03,Varner Arena / Askerhallen,U11,Jar Grønn,Kongsberg,1
2026-10-03,Varner Arena / Askerhallen,U11,Jar Svart,Tønsberg Hvit,2
2026-10-03,Varner Arena / Askerhallen,U11,Frisk Asker 3,Kongsberg,0
2026-10-03,Varner Arena / Askerhallen,U11,Tønsberg Hvit,Sandefjord,1
2026-10-03,Varner Arena / Askerhallen,U11,Jar Svart,Jar Grønn,2
2026-10-03,Varner Arena / Askerhallen,U11,Frisk Asker 3,Tønsberg Hvit,0
2026-10-03,Varner Arena / Askerhallen,U11,Kongsberg,Jar Svart,1
2026-10-03,Varner Arena / Askerhallen,U11,Sandefjord,Jar Grønn,2
2026-10-03,Varner Arena / Askerhallen,U11,Frisk Asker 3,Jar Svart,0
2026-10-03,Varner Arena / Askerhallen,U11,Jar Grønn,Tønsberg Hvit,1
2026-10-03,Varner Arena / Askerhallen,U11,Sandefjord,Kongsberg,2
2026-10-03,Varner Arena / Askerhallen,U11,Frisk Asker 3,Jar Grønn,0
2026-10-03,Varner Arena / Askerhallen,U11,Jar Svart,Sandefjord,1
2026-10-03,Varner Arena / Askerhallen,U11,Tønsberg Hvit,Kongsberg,2
2026-10-03,Varner Arena / Askerhallen,U12,Frisk Asker 3,Ringerike 1,0
2026-10-03,Varner Arena / Askerhallen,U12,Jar Hvit,Tønsberg Grå,1
2026-10-03,Varner Arena / Askerhallen,U12,Frisk Asker 3,Tønsberg Grå,0
2026-10-03,Varner Arena / Askerhallen,U12,Jar Hvit,Ringerike 1,1
2026-10-03,Varner Arena / Askerhallen,U12,Frisk Asker 3,Jar Hvit,0
2026-10-03,Varner Arena / Askerhallen,U12,Tønsberg Grå,Ringerike 1,1
2026-10-03,Baerum ishall,U8,Jutul Gul,Frisk Asker 2,0
2026-10-03,Baerum ishall,U8,Jutul Grønn,Jar Hvit,1
2026-10-03,Baerum ishall,U8,Frisk Asker 5,Ringerike 1,2
2026-10-03,Baerum ishall,U8,Kongsberg,Holmen Hockey Sort,3
2026-10-03,Baerum ishall,U8,Jutul Gul,Jar Hvit,0
2026-10-03,Baerum ishall,U8,Ringerike 1,Frisk Asker 2,1
2026-10-03,Baerum ishall,U8,Holmen Hockey Sort,Jutul Grønn,2
2026-10-03,Baerum ishall,U8,Kongsberg,Frisk Asker 5,3
2026-10-03,Baerum ishall,U8,Jutul Gul,Ringerike 1,0
2026-10-03,Baerum ishall,U8,Jar Hvit,Holmen Hockey Sort,1
2026-10-03,Baerum ishall,U8,Frisk Asker 2,Kongsberg,2
2026-10-03,Baerum ishall,U8,Jutul Grønn,Frisk Asker 5,3
2026-10-03,Baerum ishall,U8,Jutul Gul,Holmen Hockey Sort,0
2026-10-03,Baerum ishall,U8,Kongsberg,Ringerike 1,1
2026-10-03,Baerum ishall,U8,Frisk Asker 5,Jar Hvit,2
2026-10-03,Baerum ishall,U8,Jutul Grønn,Frisk Asker 2,3
2026-10-03,Baerum ishall,U8,Jutul Gul,Kongsberg,0
2026-10-03,Baerum ishall,U8,Holmen Hockey Sort,Frisk Asker 5,1
2026-10-03,Baerum ishall,U8,Ringerike 1,Jutul Grønn,2
2026-10-03,Baerum ishall,U8,Jar Hvit,Frisk Asker 2,3
2026-10-03,Baerum ishall,U8,Jutul Gul,Frisk Asker 5,0
2026-10-03,Baerum ishall,U8,Jutul Grønn,Kongsberg,1
2026-10-03,Baerum ishall,U8,Frisk Asker 2,Holmen Hockey Sort,2
2026-10-03,Baerum ishall,U8,Jar Hvit,Ringerike 1,3
2026-10-03,Baerum ishall,U8,Jutul Gul,Jutul Grønn,0
2026-10-03,Baerum ishall,U8,Frisk Asker 5,Frisk Asker 2,1
2026-10-03,Baerum ishall,U8,Kongsberg,Jar Hvit,2
2026-10-03,Baerum ishall,U8,Holmen Hockey Sort,Ringerike 1,3
2026-10-03,Baerum ishall,U9,Jutul Rød,Ringerike 1,0
2026-10-03,Baerum ishall,U9,Jutul Hvit,Frisk Asker 5,1
2026-10-03,Baerum ishall,U9,Tønsberg,Frisk Asker 1,2
2026-10-03,Baerum ishall,U9,Holmen Hockey Rød,Jar Hvit,3
2026-10-03,Baerum ishall,U9,Jutul Rød,Frisk Asker 5,0
2026-10-03,Baerum ishall,U9,Frisk Asker 1,Ringerike 1,1
2026-10-03,Baerum ishall,U9,Jar Hvit,Jutul Hvit,2
2026-10-03,Baerum ishall,U9,Holmen Hockey Rød,Tønsberg,3
2026-10-03,Baerum ishall,U9,Jutul Rød,Frisk Asker 1,0
2026-10-03,Baerum ishall,U9,Frisk Asker 5,Jar Hvit,1
2026-10-03,Baerum ishall,U9,Ringerike 1,Holmen Hockey Rød,2
2026-10-03,Baerum ishall,U9,Jutul Hvit,Tønsberg,3
2026-10-03,Baerum ishall,U9,Jutul Rød,Jar Hvit,0
2026-10-03,Baerum ishall,U9,Holmen Hockey Rød,Frisk Asker 1,1
2026-10-03,Baerum ishall,U9,Tønsberg,Frisk Asker 5,2
2026-10-03,Baerum ishall,U9,Jutul Hvit,Ringerike 1,3
2026-10-03,Baerum ishall,U9,Jutul Rød,Holmen Hockey Rød,0
2026-10-03,Baerum ishall,U9,Jar Hvit,Tønsberg,1
2026-10-03,Baerum ishall,U9,Frisk Asker 1,Jutul Hvit,2
2026-10-03,Baerum ishall,U9,Frisk Asker 5,Ringerike 1,3
2026-10-03,Baerum ishall,U9,Jutul Rød,Tønsberg,0
2026-10-03,Baerum ishall,U9,Jutul Hvit,Holmen Hockey Rød,1
2026-10-03,Baerum ishall,U9,Ringerike 1,Jar Hvit,2
2026-10-03,Baerum ishall,U9,Frisk Asker 5,Frisk Asker 1,3
2026-10-03,Baerum ishall,U9,Jutul Rød,Jutul Hvit,0
2026-10-03,Baerum ishall,U9,Tønsberg,Ringerike 1,1
2026-10-03,Baerum ishall,U9,Holmen Hockey Rød,Frisk Asker 5,2
2026-10-03,Baerum ishall,U9,Jar Hvit,Frisk Asker 1,3
2026-11-14,Varner Arena / Askerhallen,JU10,Frisk Asker Orange,Jar Hvit,0
2026-11-14,Varner Arena / Askerhallen,JU10,Frisk Asker Svart,Skien,1
2026-11-14,Varner Arena / Askerhallen,JU10,Jar Blå,Ringerike 1,2
2026-11-14,Varner Arena / Askerhallen,JU10,Frisk Asker Orange,Skien,0
2026-11-14,Varner Arena / Askerhallen,JU10,Ringerike 1,Jar Hvit,1
2026-11-14,Varner Arena / Askerhallen,JU10,Jar Blå,Frisk Asker Svart,2
2026-11-14,Varner Arena / Askerhallen,JU10,Frisk Asker Orange,Ringerike 1,0
2026-11-14,Varner Arena / Askerhallen,JU10,Skien,Jar Blå,1
2026-11-14,Varner Arena / Askerhallen,JU10,Jar Hvit,Frisk Asker Svart,2
2026-11-14,Varner Arena / Askerhallen,JU10,Frisk Asker Orange,Jar Blå,0
2026-11-14,Varner Arena / Askerhallen,JU10,Frisk Asker Svart,Ringerike 1,1
2026-11-14,Varner Arena / Askerhallen,JU10,Jar Hvit,Skien,2
2026-11-14,Varner Arena / Askerhallen,JU10,Frisk Asker Orange,Frisk Asker Svart,0
2026-11-14,Varner Arena / Askerhallen,JU10,Jar Blå,Jar Hvit,1
2026-11-14,Varner Arena / Askerhallen,JU10,Ringerike 1,Skien,2
2026-10-04,Holmenkollen ishall,U10,Holmen Hockey Sort,Jutul Hvit,0
2026-10-04,Holmenkollen ishall,U10,Frisk Asker 6,Ringerike 4,1
2026-10-04,Holmenkollen ishall,U10,Jar Hvit,Tønsberg,2
2026-10-04,Holmenkollen ishall,U10,Holmen Hockey Sort,Ringerike 4,0
2026-10-04,Holmenkollen ishall,U10,Tønsberg,Jutul Hvit,1
2026-10-04,Holmenkollen ishall,U10,Jar Hvit,Frisk Asker 6,2
2026-10-04,Holmenkollen ishall,U10,Holmen Hockey Sort,Tønsberg,0
2026-10-04,Holmenkollen ishall,U10,Ringerike 4,Jar Hvit,1
2026-10-04,Holmenkollen ishall,U10,Jutul Hvit,Frisk Asker 6,2
2026-10-04,Holmenkollen ishall,U10,Holmen Hockey Sort,Jar Hvit,0
2026-10-04,Holmenkollen ishall,U10,Frisk Asker 6,Tønsberg,1
2026-10-04,Holmenkollen ishall,U10,Jutul Hvit,Ringerike 4,2
2026-10-04,Holmenkollen ishall,U10,Holmen Hockey Sort,Frisk Asker 6,0
2026-10-04,Holmenkollen ishall,U10,Jar Hvit,Jutul Hvit,1
2026-10-04,Holmenkollen ishall,U10,Tønsberg,Ringerike 4,2
2026-10-04,Baerum ishall,U11,Jutul Rød,Holmen Hockey Rød,0
2026-10-04,Baerum ishall,U11,Jar Gul,Jar Oransje,1
2026-10-04,Baerum ishall,U11,Frisk Asker 4,Ringerike 2,2
2026-10-04,Baerum ishall,U11,Jutul Rød,Jar Oransje,0
2026-10-04,Baerum ishall,U11,Ringerike 2,Holmen Hockey Rød,1
2026-10-04,Baerum ishall,U11,Frisk Asker 4,Jar Gul,2
2026-10-04,Baerum ishall,U11,Jutul Rød,Ringerike 2,0
2026-10-04,Baerum ishall,U11,Jar Oransje,Frisk Asker 4,1
2026-10-04,Baerum ishall,U11,Holmen Hockey Rød,Jar Gul,2
2026-10-04,Baerum ishall,U11,Jutul Rød,Frisk Asker 4,0
2026-10-04,Baerum ishall,U11,Jar Gul,Ringerike 2,1
2026-10-04,Baerum ishall,U11,Holmen Hockey Rød,Jar Oransje,2
2026-10-04,Baerum ishall,U11,Jutul Rød,Jar Gul,0
2026-10-04,Baerum ishall,U11,Frisk Asker 4,Holmen Hockey Rød,1
2026-10-04,Baerum ishall,U11,Ringerike 2,Jar Oransje,2
2026-10-04,Holmenkollen ishall,U12,Holmen Hockey Hvit,Tønsberg Hvit,0
2026-10-04,Holmenkollen ishall,U12,Jar Rød,Frisk Asker 4,1
2026-10-04,Holmenkollen ishall,U12,Holmen Hockey Hvit,Frisk Asker 4,0
2026-10-04,Holmenkollen ishall,U12,Jar Rød,Tønsberg Hvit,1
2026-10-04,Holmenkollen ishall,U12,Holmen Hockey Hvit,Jar Rød,0
2026-10-04,Holmenkollen ishall,U12,Frisk Asker 4,Tønsberg Hvit,1
2026-09-27,Skien ishall,JU12,Skien,Tønsberg,0
2026-09-27,Skien ishall,JU12,Ringerike 2,Jar Hvit,1
2026-09-27,Skien ishall,JU12,Skien,Jar Hvit,0
2026-09-27,Skien ishall,JU12,Ringerike 2,Tønsberg,1
2026-09-27,Skien ishall,JU12,Skien,Ringerike 2,0
2026-09-27,Skien ishall,JU12,Jar Hvit,Tønsberg,1
2026-10-10,Baerum ishall,U10,Jutul Grønn,Kongsberg,0
2026-10-10,Baerum ishall,U10,Frisk Asker 3,Ringerike 3,1
2026-10-10,Baerum ishall,U10,Jar Blå,Holmen Hockey Hvit,2
2026-10-10,Baerum ishall,U10,Jutul Grønn,Ringerike 3,0
2026-10-10,Baerum ishall,U10,Holmen Hockey Hvit,Kongsberg,1
2026-10-10,Baerum ishall,U10,Jar Blå,Frisk Asker 3,2
2026-10-10,Baerum ishall,U10,Jutul Grønn,Holmen Hockey Hvit,0
2026-10-10,Baerum ishall,U10,Ringerike 3,Jar Blå,1
2026-10-10,Baerum ishall,U10,Kongsberg,Frisk Asker 3,2
2026-10-10,Baerum ishall,U10,Jutul Grønn,Jar Blå,0
2026-10-10,Baerum ishall,U10,Frisk Asker 3,Holmen Hockey Hvit,1
2026-10-10,Baerum ishall,U10,Kongsberg,Ringerike 3,2
2026-10-10,Baerum ishall,U10,Jutul Grønn,Frisk Asker 3,0
2026-10-10,Baerum ishall,U10,Jar Blå,Kongsberg,1
2026-10-10,Baerum ishall,U10,Holmen Hockey Hvit,Ringerike 3,2
2026-10-10,Varner Arena / Askerhallen,U12,Frisk Asker 1,Ringerike 2,0
2026-10-10,Varner Arena / Askerhallen,U12,Jar Svart,Kongsberg,1
2026-10-10,Varner Arena / Askerhallen,U12,Frisk Asker 1,Kongsberg,0
2026-10-10,Varner Arena / Askerhallen,U12,Jar Svart,Ringerike 2,1
2026-10-10,Varner Arena / Askerhallen,U12,Frisk Asker 1,Jar Svart,0
2026-10-10,Varner Arena / Askerhallen,U12,Kongsberg,Ringerike 2,1
2027-01-10,Holmenkollen ishall,U12,Holmen Hockey Rød,Frisk Asker 2,0
2027-01-10,Holmenkollen ishall,U12,Jar Rød,Tønsberg Rød,1
2027-01-10,Holmenkollen ishall,U12,Holmen Hockey Rød,Tønsberg Rød,0
2027-01-10,Holmenkollen ishall,U12,Jar Rød,Frisk Asker 2,1
2027-01-10,Holmenkollen ishall,U12,Holmen Hockey Rød,Jar Rød,0
2027-01-10,Holmenkollen ishall,U12,Tønsberg Rød,Frisk Asker 2,1
2026-11-01,Baerum ishall,U8,Jutul Rød,Frisk Asker 5,0
2026-11-01,Baerum ishall,U8,Jutul Gul,Jar Blå,1
2026-11-01,Baerum ishall,U8,Sandefjord,Jar Rød,2
2026-11-01,Baerum ishall,U8,Frisk Asker 3,Holmen Hockey Blå,3
2026-11-01,Baerum ishall,U8,Jutul Rød,Jar Blå,0
2026-11-01,Baerum ishall,U8,Jar Rød,Frisk Asker 5,1
2026-11-01,Baerum ishall,U8,Holmen Hockey Blå,Jutul Gul,2
2026-11-01,Baerum ishall,U8,Frisk Asker 3,Sandefjord,3
2026-11-01,Baerum ishall,U8,Jutul Rød,Jar Rød,0
2026-11-01,Baerum ishall,U8,Jar Blå,Holmen Hockey Blå,1
2026-11-01,Baerum ishall,U8,Frisk Asker 5,Frisk Asker 3,2
2026-11-01,Baerum ishall,U8,Jutul Gul,Sandefjord,3
2026-11-01,Baerum ishall,U8,Jutul Rød,Holmen Hockey Blå,0
2026-11-01,Baerum ishall,U8,Frisk Asker 3,Jar Rød,1
2026-11-01,Baerum ishall,U8,Sandefjord,Jar Blå,2
2026-11-01,Baerum ishall,U8,Jutul Gul,Frisk Asker 5,3
2026-11-01,Baerum ishall,U8,Jutul Rød,Frisk Asker 3,0
2026-11-01,Baerum ishall,U8,Holmen Hockey Blå,Sandefjord,1
2026-11-01,Baerum ishall,U8,Jar Rød,Jutul Gul,2
2026-11-01,Baerum ishall,U8,Jar Blå,Frisk Asker 5,3
2026-11-01,Baerum ishall,U8,Jutul Rød,Sandefjord,0
2026-11-01,Baerum ishall,U8,Jutul Gul,Frisk Asker 3,1
2026-11-01,Baerum ishall,U8,Frisk Asker 5,Holmen Hockey Blå,2
2026-11-01,Baerum ishall,U8,Jar Blå,Jar Rød,3
2026-11-01,Baerum ishall,U8,Jutul Rød,Jutul Gul,0
2026-11-01,Baerum ishall,U8,Sandefjord,Frisk Asker 5,1
2026-11-01,Baerum ishall,U8,Frisk Asker 3,Jar Blå,2
2026-11-01,Baerum ishall,U8,Holmen Hockey Blå,Jar Rød,3
2026-09-19,Skien ishall,U9,Skien,Holmen Hockey Rød,0
2026-09-19,Skien ishall,U9,Frisk Asker 3,Frisk Asker 2,1
2026-09-19,Skien ishall,U9,Holmen Hockey Hvit,Jutul Rød,2
2026-09-19,Skien ishall,U9,Jutul Gul,Jar Svart,3
2026-09-19,Skien ishall,U9,Skien,Frisk Asker 2,0
2026-09-19,Skien ishall,U9,Jutul Rød,Holmen Hockey Rød,1
2026-09-19,Skien ishall,U9,Jar Svart,Frisk Asker 3,2
2026-09-19,Skien ishall,U9,Jutul Gul,Holmen Hockey Hvit,3
2026-09-19,Skien ishall,U9,Skien,Jutul Rød,0
2026-09-19,Skien ishall,U9,Frisk Asker 2,Jar Svart,1
2026-09-19,Skien ishall,U9,Holmen Hockey Rød,Jutul Gul,2
2026-09-19,Skien ishall,U9,Frisk Asker 3,Holmen Hockey Hvit,3
2026-09-19,Skien ishall,U9,Skien,Jar Svart,0
2026-09-19,Skien ishall,U9,Jutul Gul,Jutul Rød,1
2026-09-19,Skien ishall,U9,Holmen Hockey Hvit,Frisk Asker 2,2
2026-09-19,Skien ishall,U9,Frisk Asker 3,Holmen Hockey Rød,3
2026-09-19,Skien ishall,U9,Skien,Jutul Gul,0
2026-09-19,Skien ishall,U9,Jar Svart,Holmen Hockey Hvit,1
2026-09-19,Skien ishall,U9,Jutul Rød,Frisk Asker 3,2
2026-09-19,Skien ishall,U9,Frisk Asker 2,Holmen Hockey Rød,3
2026-09-19,Skien ishall,U9,Skien,Holmen Hockey Hvit,0
2026-09-19,Skien ishall,U9,Frisk Asker 3,Jutul Gul,1
2026-09-19,Skien ishall,U9,Holmen Hockey Rød,Jar Svart,2
2026-09-19,Skien ishall,U9,Frisk Asker 2,Jutul Rød,3
2026-09-19,Skien ishall,U9,Skien,Frisk Asker 3,0
2026-09-19,Skien ishall,U9,Holmen Hockey Hvit,Holmen Hockey Rød,1
2026-09-19,Skien ishall,U9,Jutul Gul,Frisk Asker 2,2
2026-09-19,Skien ishall,U9,Jar Svart,Jutul Rød,3
2026-10-17,Baerum ishall,JU12,Tønsberg,Jar Hvit,0
2026-10-17,Baerum ishall,JU12,Ringerike 1,Frisk Asker Orange,1
2026-10-17,Baerum ishall,JU12,Tønsberg,Frisk Asker Orange,0
2026-10-17,Baerum ishall,JU12,Ringerike 1,Jar Hvit,1
2026-10-17,Baerum ishall,JU12,Tønsberg,Ringerike 1,0
2026-10-17,Baerum ishall,JU12,Frisk Asker Orange,Jar Hvit,1
2026-10-17,Holmenkollen ishall,U10,Holmen Hockey Rød,Frisk Asker 1,0
2026-10-17,Holmenkollen ishall,U10,Ringerike 4,Ringerike 2,1
2026-10-17,Holmenkollen ishall,U10,Jar Svart,Frisk Asker 5,2
2026-10-17,Holmenkollen ishall,U10,Holmen Hockey Rød,Ringerike 2,0
2026-10-17,Holmenkollen ishall,U10,Frisk Asker 5,Frisk Asker 1,1
2026-10-17,Holmenkollen ishall,U10,Jar Svart,Ringerike 4,2
2026-10-17,Holmenkollen ishall,U10,Holmen Hockey Rød,Frisk Asker 5,0
2026-10-17,Holmenkollen ishall,U10,Ringerike 2,Jar Svart,1
2026-10-17,Holmenkollen ishall,U10,Frisk Asker 1,Ringerike 4,2
2026-10-17,Holmenkollen ishall,U10,Holmen Hockey Rød,Jar Svart,0
2026-10-17,Holmenkollen ishall,U10,Ringerike 4,Frisk Asker 5,1
2026-10-17,Holmenkollen ishall,U10,Frisk Asker 1,Ringerike 2,2
2026-10-17,Holmenkollen ishall,U10,Holmen Hockey Rød,Ringerike 4,0
2026-10-17,Holmenkollen ishall,U10,Jar Svart,Frisk Asker 1,1
2026-10-17,Holmenkollen ishall,U10,Frisk Asker 5,Ringerike 2,2
2026-10-17,Baerum ishall,U12,Jutul Rød,Frisk Asker 3,0
2026-10-17,Baerum ishall,U12,Holmen Hockey Rød,Jar Blå,1
2026-10-17,Baerum ishall,U12,Jutul Rød,Jar Blå,0
2026-10-17,Baerum ishall,U12,Holmen Hockey Rød,Frisk Asker 3,1
2026-10-17,Baerum ishall,U12,Jutul Rød,Holmen Hockey Rød,0
2026-10-17,Baerum ishall,U12,Jar Blå,Frisk Asker 3,1
2026-10-18,Holmenkollen ishall,U12,Holmen Hockey Hvit,Frisk Asker 4,0
2026-10-18,Holmenkollen ishall,U12,Jar Hvit,Kongsberg,1
2026-10-18,Holmenkollen ishall,U12,Holmen Hockey Hvit,Kongsberg,0
2026-10-18,Holmenkollen ishall,U12,Jar Hvit,Frisk Asker 4,1
2026-10-18,Holmenkollen ishall,U12,Holmen Hockey Hvit,Jar Hvit,0
2026-10-18,Holmenkollen ishall,U12,Kongsberg,Frisk Asker 4,1
2027-01-16,Baerum ishall,U7,Jutul Hvit,Jar Hvit,0
2027-01-16,Baerum ishall,U7,Holmen Hockey Rød,Jar Rød,1
2027-01-16,Baerum ishall,U7,Tønsberg,Frisk Asker 2,2
2027-01-16,Baerum ishall,U7,Sandefjord,Jar Grønn,3
2027-01-16,Baerum ishall,U7,Jutul Hvit,Jar Rød,0
2027-01-16,Baerum ishall,U7,Frisk Asker 2,Jar Hvit,1
2027-01-16,Baerum ishall,U7,Jar Grønn,Holmen Hockey Rød,2
2027-01-16,Baerum ishall,U7,Sandefjord,Tønsberg,3
2027-01-16,Baerum ishall,U7,Jutul Hvit,Frisk Asker 2,0
2027-01-16,Baerum ishall,U7,Jar Rød,Jar Grønn,1
2027-01-16,Baerum ishall,U7,Jar Hvit,Sandefjord,2
2027-01-16,Baerum ishall,U7,Holmen Hockey Rød,Tønsberg,3
2027-01-16,Baerum ishall,U7,Jutul Hvit,Jar Grønn,0
2027-01-16,Baerum ishall,U7,Sandefjord,Frisk Asker 2,1
2027-01-16,Baerum ishall,U7,Tønsberg,Jar Rød,2
2027-01-16,Baerum ishall,U7,Holmen Hockey Rød,Jar Hvit,3
2027-01-16,Baerum ishall,U7,Jutul Hvit,Sandefjord,0
2027-01-16,Baerum ishall,U7,Jar Grønn,Tønsberg,1
2027-01-16,Baerum ishall,U7,Frisk Asker 2,Holmen Hockey Rød,2
2027-01-16,Baerum ishall,U7,Jar Rød,Jar Hvit,3
2027-01-16,Baerum ishall,U7,Jutul Hvit,Tønsberg,0
2027-01-16,Baerum ishall,U7,Holmen Hockey Rød,Sandefjord,1
2027-01-16,Baerum ishall,U7,Jar Hvit,Jar Grønn,2
2027-01-16,Baerum ishall,U7,Jar Rød,Frisk Asker 2,3
2027-01-16,Baerum ishall,U7,Jutul Hvit,Holmen Hockey Rød,0
2027-01-16,Baerum ishall,U7,Tønsberg,Jar Hvit,1
2027-01-16,Baerum ishall,U7,Sandefjord,Jar Rød,2
2027-01-16,Baerum ishall,U7,Jar Grønn,Frisk Asker 2,3
2026-09-05,Varner Arena / Askerhallen,U9,Frisk Asker 4,Holmen Hockey Rød,0
2026-09-05,Varner Arena / Askerhallen,U9,Frisk Asker 2,Tønsberg,1
2026-09-05,Varner Arena / Askerhallen,U9,Kongsberg,Jar Rød,2
2026-09-05,Varner Arena / Askerhallen,U9,Jutul Hvit,Holmen Hockey Sort,3
2026-09-05,Varner Arena / Askerhallen,U9,Frisk Asker 4,Tønsberg,0
2026-09-05,Varner Arena / Askerhallen,U9,Jar Rød,Holmen Hockey Rød,1
2026-09-05,Varner Arena / Askerhallen,U9,Holmen Hockey Sort,Frisk Asker 2,2
2026-09-05,Varner Arena / Askerhallen,U9,Jutul Hvit,Kongsberg,3
2026-09-05,Varner Arena / Askerhallen,U9,Frisk Asker 4,Jar Rød,0
2026-09-05,Varner Arena / Askerhallen,U9,Tønsberg,Holmen Hockey Sort,1
2026-09-05,Varner Arena / Askerhallen,U9,Holmen Hockey Rød,Jutul Hvit,2
2026-09-05,Varner Arena / Askerhallen,U9,Frisk Asker 2,Kongsberg,3
2026-09-05,Varner Arena / Askerhallen,U9,Frisk Asker 4,Holmen Hockey Sort,0
2026-09-05,Varner Arena / Askerhallen,U9,Jutul Hvit,Jar Rød,1
2026-09-05,Varner Arena / Askerhallen,U9,Kongsberg,Tønsberg,2
2026-09-05,Varner Arena / Askerhallen,U9,Frisk Asker 2,Holmen Hockey Rød,3
2026-09-05,Varner Arena / Askerhallen,U9,Frisk Asker 4,Jutul Hvit,0
2026-09-05,Varner Arena / Askerhallen,U9,Holmen Hockey Sort,Kongsberg,1
2026-09-05,Varner Arena / Askerhallen,U9,Jar Rød,Frisk Asker 2,2
2026-09-05,Varner Arena / Askerhallen,U9,Tønsberg,Holmen Hockey Rød,3
2026-09-05,Varner Arena / Askerhallen,U9,Frisk Asker 4,Kongsberg,0
2026-09-05,Varner Arena / Askerhallen,U9,Frisk Asker 2,Jutul Hvit,1
2026-09-05,Varner Arena / Askerhallen,U9,Holmen Hockey Rød,Holmen Hockey Sort,2
2026-09-05,Varner Arena / Askerhallen,U9,Tønsberg,Jar Rød,3
2026-09-05,Varner Arena / Askerhallen,U9,Frisk Asker 4,Frisk Asker 2,0
2026-09-05,Varner Arena / Askerhallen,U9,Kongsberg,Holmen Hockey Rød,1
2026-09-05,Varner Arena / Askerhallen,U9,Jutul Hvit,Tønsberg,2
2026-09-05,Varner Arena / Askerhallen,U9,Holmen Hockey Sort,Jar Rød,3
2026-10-24,Baerum ishall,JU12,Jutul/Jar Kittens,Ringerike 2,0
2026-10-24,Baerum ishall,JU12,Frisk Asker Svart,Jar,1
2026-10-24,Baerum ishall,JU12,Jutul/Jar Kittens,Jar,0
2026-10-24,Baerum ishall,JU12,Frisk Asker Svart,Ringerike 2,1
2026-10-24,Baerum ishall,JU12,Jutul/Jar Kittens,Frisk Asker Svart,0
2026-10-24,Baerum ishall,JU12,Jar,Ringerike 2,1
2026-10-24,Baerum ishall,U10,Jutul Rød,Frisk Asker 5,0
2026-10-24,Baerum ishall,U10,Jar Rød,Ringerike 1,1
2026-10-24,Baerum ishall,U10,Holmen Hockey Blå,Jar Gul,2
2026-10-24,Baerum ishall,U10,Jutul Rød,Ringerike 1,0
2026-10-24,Baerum ishall,U10,Jar Gul,Frisk Asker 5,1
2026-10-24,Baerum ishall,U10,Holmen Hockey Blå,Jar Rød,2
2026-10-24,Baerum ishall,U10,Jutul Rød,Jar Gul,0
2026-10-24,Baerum ishall,U10,Ringerike 1,Holmen Hockey Blå,1
2026-10-24,Baerum ishall,U10,Frisk Asker 5,Jar Rød,2
2026-10-24,Baerum ishall,U10,Jutul Rød,Holmen Hockey Blå,0
2026-10-24,Baerum ishall,U10,Jar Rød,Jar Gul,1
2026-10-24,Baerum ishall,U10,Frisk Asker 5,Ringerike 1,2
2026-10-24,Baerum ishall,U10,Jutul Rød,Jar Rød,0
2026-10-24,Baerum ishall,U10,Holmen Hockey Blå,Frisk Asker 5,1
2026-10-24,Baerum ishall,U10,Jar Gul,Ringerike 1,2
2026-10-24,Varner Arena / Askerhallen,U12,Frisk Asker 1,Jutul Rød,0
2026-10-24,Varner Arena / Askerhallen,U12,Jar Lilla,Ringerike 2,1
2026-10-24,Varner Arena / Askerhallen,U12,Frisk Asker 1,Ringerike 2,0
2026-10-24,Varner Arena / Askerhallen,U12,Jar Lilla,Jutul Rød,1
2026-10-24,Varner Arena / Askerhallen,U12,Frisk Asker 1,Jar Lilla,0
2026-10-24,Varner Arena / Askerhallen,U12,Ringerike 2,Jutul Rød,1
2027-01-17,Ringerikshallen,JU8,Skien,Jutul Kittens,0
2027-01-17,Ringerikshallen,JU8,Jar,Jar Rød,1
2027-01-17,Ringerikshallen,JU8,Jutul Grønn,Frisk Asker,2
2027-01-17,Ringerikshallen,JU8,Ringerike 1,Jutul Kittens,0
2027-01-17,Ringerikshallen,JU8,Frisk Asker,Skien,1
2027-01-17,Ringerikshallen,JU8,Jutul Grønn,Jar,2
2027-01-17,Ringerikshallen,JU8,Ringerike 1,Jar Rød,0
2027-01-17,Ringerikshallen,JU8,Jutul Kittens,Frisk Asker,1
2027-01-17,Ringerikshallen,JU8,Skien,Jar,2
2027-01-17,Ringerikshallen,JU8,Ringerike 1,Frisk Asker,0
2027-01-17,Ringerikshallen,JU8,Jutul Grønn,Jar Rød,1
2027-01-17,Ringerikshallen,JU8,Jar,Jutul Kittens,2
2027-01-17,Ringerikshallen,JU8,Ringerike 1,Jutul Grønn,0
2027-01-17,Ringerikshallen,JU8,Frisk Asker,Jar,1
2027-01-17,Ringerikshallen,JU8,Jar Rød,Skien,2
2027-01-17,Ringerikshallen,JU8,Ringerike 1,Jar,0
2027-01-17,Ringerikshallen,JU8,Skien,Jutul Grønn,1
2027-01-17,Ringerikshallen,JU8,Jutul Kittens,Jar Rød,2
2027-01-17,Ringerikshallen,JU8,Ringerike 1,Skien,0
2027-01-17,Ringerikshallen,JU8,Jutul Grønn,Jutul Kittens,1
2027-01-17,Ringerikshallen,JU8,Frisk Asker,Jar Rød,2
2027-01-17,Ringerikshallen,JU8,(Pause),Ringerike 1,
2027-01-17,Ringerikshallen,JU8,(Pause),Jar Rød,
2027-01-17,Ringerikshallen,JU8,(Pause),Jutul Grønn,
2027-01-17,Ringerikshallen,JU8,(Pause),Skien,
2027-01-17,Ringerikshallen,JU8,(Pause),Jutul Kittens,
2027-01-17,Ringerikshallen,JU8,(Pause),Frisk Asker,
2027-01-17,Ringerikshallen,JU8,(Pause),Jar,
2026-10-25,Baerum ishall,U11,Jutul Rød,Jar Lilla,0
2026-10-25,Baerum ishall,U11,Frisk Asker 2,Holmen Hockey Rød,1
2026-10-25,Baerum ishall,U11,Jar Grønn,Skien,2
2026-10-25,Baerum ishall,U11,Jutul Rød,Holmen Hockey Rød,0
2026-10-25,Baerum ishall,U11,Skien,Jar Lilla,1
2026-10-25,Baerum ishall,U11,Jar Grønn,Frisk Asker 2,2
2026-10-25,Baerum ishall,U11,Jutul Rød,Skien,0
2026-10-25,Baerum ishall,U11,Holmen Hockey Rød,Jar Grønn,1
2026-10-25,Baerum ishall,U11,Jar Lilla,Frisk Asker 2,2
2026-10-25,Baerum ishall,U11,Jutul Rød,Jar Grønn,0
2026-10-25,Baerum ishall,U11,Frisk Asker 2,Skien,1
2026-10-25,Baerum ishall,U11,Jar Lilla,Holmen Hockey Rød,2
2026-10-25,Baerum ishall,U11,Jutul Rød,Frisk Asker 2,0
2026-10-25,Baerum ishall,U11,Jar Grønn,Jar Lilla,1
2026-10-25,Baerum ishall,U11,Skien,Holmen Hockey Rød,2
2026-10-25,Ringerikshallen,U12,Ringerike 1,Frisk Asker 4,0
2026-10-25,Ringerikshallen,U12,Jar Rød,Jutul Grønn,1
2026-10-25,Ringerikshallen,U12,Ringerike 1,Jutul Grønn,0
2026-10-25,Ringerikshallen,U12,Jar Rød,Frisk Asker 4,1
2026-10-25,Ringerikshallen,U12,Ringerike 1,Jar Rød,0
2026-10-25,Ringerikshallen,U12,Jutul Grønn,Frisk Asker 4,1
2026-09-05,Kongsberghallen,U8,Jutul Gul,Skien,0
2026-09-05,Kongsberghallen,U8,Ringerike 1,Frisk Asker 4,1
2026-09-05,Kongsberghallen,U8,Frisk Asker 2,Holmen Hockey Rød,2
2026-09-05,Kongsberghallen,U8,Sandefjord,Jar Rød,3
2026-09-05,Kongsberghallen,U8,Jutul Gul,Frisk Asker 4,0
2026-09-05,Kongsberghallen,U8,Holmen Hockey Rød,Skien,1
2026-09-05,Kongsberghallen,U8,Jar Rød,Ringerike 1,2
2026-09-05,Kongsberghallen,U8,Sandefjord,Frisk Asker 2,3
2026-09-05,Kongsberghallen,U8,Jutul Gul,Holmen Hockey Rød,0
2026-09-05,Kongsberghallen,U8,Frisk Asker 4,Jar Rød,1
2026-09-05,Kongsberghallen,U8,Skien,Sandefjord,2
2026-09-05,Kongsberghallen,U8,Ringerike 1,Frisk Asker 2,3
2026-09-05,Kongsberghallen,U8,Jutul Gul,Jar Rød,0
2026-09-05,Kongsberghallen,U8,Sandefjord,Holmen Hockey Rød,1
2026-09-05,Kongsberghallen,U8,Frisk Asker 2,Frisk Asker 4,2
2026-09-05,Kongsberghallen,U8,Ringerike 1,Skien,3
2026-09-05,Kongsberghallen,U8,Jutul Gul,Sandefjord,0
2026-09-05,Kongsberghallen,U8,Jar Rød,Frisk Asker 2,1
2026-09-05,Kongsberghallen,U8,Holmen Hockey Rød,Ringerike 1,2
2026-09-05,Kongsberghallen,U8,Frisk Asker 4,Skien,3
2026-09-05,Kongsberghallen,U8,Jutul Gul,Frisk Asker 2,0
2026-09-05,Kongsberghallen,U8,Ringerike 1,Sandefjord,1
2026-09-05,Kongsberghallen,U8,Skien,Jar Rød,2
2026-09-05,Kongsberghallen,U8,Frisk Asker 4,Holmen Hockey Rød,3
2026-09-05,Kongsberghallen,U8,Jutul Gul,Ringerike 1,0
2026-09-05,Kongsberghallen,U8,Frisk Asker 2,Skien,1
2026-09-05,Kongsberghallen,U8,Sandefjord,Frisk Asker 4,2
2026-09-05,Kongsberghallen,U8,Jar Rød,Holmen Hockey Rød,3
2026-10-31,Baerum ishall,JU12,Jutul Kittens,Kongsberg/Tønsberg,0
2026-10-31,Baerum ishall,JU12,Frisk Asker Orange,Ringerike 1,1
2026-10-31,Baerum ishall,JU12,Jutul Kittens,Ringerike 1,0
2026-10-31,Baerum ishall,JU12,Frisk Asker Orange,Kongsberg/Tønsberg,1
2026-10-31,Baerum ishall,JU12,Jutul Kittens,Frisk Asker Orange,0
2026-10-31,Baerum ishall,JU12,Ringerike 1,Kongsberg/Tønsberg,1
2027-02-20,Jarhallen,U10,Jar Hvit,Frisk Asker 6,0
2027-02-20,Jarhallen,U10,Jar Rød,Ringerike 2,1
2027-02-20,Jarhallen,U10,Holmen Hockey Hvit,Frisk Asker 3,2
2027-02-20,Jarhallen,U10,Jar Hvit,Ringerike 2,0
2027-02-20,Jarhallen,U10,Frisk Asker 3,Frisk Asker 6,1
2027-02-20,Jarhallen,U10,Holmen Hockey Hvit,Jar Rød,2
2027-02-20,Jarhallen,U10,Jar Hvit,Frisk Asker 3,0
2027-02-20,Jarhallen,U10,Ringerike 2,Holmen Hockey Hvit,1
2027-02-20,Jarhallen,U10,Frisk Asker 6,Jar Rød,2
2027-02-20,Jarhallen,U10,Jar Hvit,Holmen Hockey Hvit,0
2027-02-20,Jarhallen,U10,Jar Rød,Frisk Asker 3,1
2027-02-20,Jarhallen,U10,Frisk Asker 6,Ringerike 2,2
2027-02-20,Jarhallen,U10,Jar Hvit,Jar Rød,0
2027-02-20,Jarhallen,U10,Holmen Hockey Hvit,Frisk Asker 6,1
2027-02-20,Jarhallen,U10,Frisk Asker 3,Ringerike 2,2
2026-10-31,Baerum ishall,U12,Jutul Rød,Tønsberg Hvit,0
2026-10-31,Baerum ishall,U12,Frisk Asker 2,Jar Svart,1
2026-10-31,Baerum ishall,U12,Jutul Rød,Jar Svart,0
2026-10-31,Baerum ishall,U12,Frisk Asker 2,Tønsberg Hvit,1
2026-10-31,Baerum ishall,U12,Jutul Rød,Frisk Asker 2,0
2026-10-31,Baerum ishall,U12,Jar Svart,Tønsberg Hvit,1
2026-11-08,Holmenkollen ishall,U10,Holmen Hockey Blå,Frisk Asker 3,0
2026-11-08,Holmenkollen ishall,U10,Jutul Hvit,Ringerike 2,1
2026-11-08,Holmenkollen ishall,U10,Jar Rød,Frisk Asker 1,2
2026-11-08,Holmenkollen ishall,U10,Holmen Hockey Blå,Ringerike 2,0
2026-11-08,Holmenkollen ishall,U10,Frisk Asker 1,Frisk Asker 3,1
2026-11-08,Holmenkollen ishall,U10,Jar Rød,Jutul Hvit,2
2026-11-08,Holmenkollen ishall,U10,Holmen Hockey Blå,Frisk Asker 1,0
2026-11-08,Holmenkollen ishall,U10,Ringerike 2,Jar Rød,1
2026-11-08,Holmenkollen ishall,U10,Frisk Asker 3,Jutul Hvit,2
2026-11-08,Holmenkollen ishall,U10,Holmen Hockey Blå,Jar Rød,0
2026-11-08,Holmenkollen ishall,U10,Jutul Hvit,Frisk Asker 1,1
2026-11-08,Holmenkollen ishall,U10,Frisk Asker 3,Ringerike 2,2
2026-11-08,Holmenkollen ishall,U10,Holmen Hockey Blå,Jutul Hvit,0
2026-11-08,Holmenkollen ishall,U10,Jar Rød,Frisk Asker 3,1
2026-11-08,Holmenkollen ishall,U10,Frisk Asker 1,Ringerike 2,2
2026-11-01,Holmenkollen ishall,U11,Holmen Hockey Hvit,Kongsberg,0
2026-11-01,Holmenkollen ishall,U11,Frisk Asker 3,Ringerike 2,1
2026-11-01,Holmenkollen ishall,U11,Jar Svart,Jutul Grønn,2
2026-11-01,Holmenkollen ishall,U11,Holmen Hockey Hvit,Ringerike 2,0
2026-11-01,Holmenkollen ishall,U11,Jutul Grønn,Kongsberg,1
2026-11-01,Holmenkollen ishall,U11,Jar Svart,Frisk Asker 3,2
2026-11-01,Holmenkollen ishall,U11,Holmen Hockey Hvit,Jutul Grønn,0
2026-11-01,Holmenkollen ishall,U11,Ringerike 2,Jar Svart,1
2026-11-01,Holmenkollen ishall,U11,Kongsberg,Frisk Asker 3,2
2026-11-01,Holmenkollen ishall,U11,Holmen Hockey Hvit,Jar Svart,0
2026-11-01,Holmenkollen ishall,U11,Frisk Asker 3,Jutul Grønn,1
2026-11-01,Holmenkollen ishall,U11,Kongsberg,Ringerike 2,2
2026-11-01,Holmenkollen ishall,U11,Holmen Hockey Hvit,Frisk Asker 3,0
2026-11-01,Holmenkollen ishall,U11,Jar Svart,Kongsberg,1
2026-11-01,Holmenkollen ishall,U11,Jutul Grønn,Ringerike 2,2
2026-11-01,Holmenkollen ishall,U12,Tønsberg Rød,Jar Hvit,0
2026-11-01,Holmenkollen ishall,U12,Kongsberg,Frisk Asker 3,1
2026-11-01,Holmenkollen ishall,U12,Tønsberg Rød,Frisk Asker 3,0
2026-11-01,Holmenkollen ishall,U12,Kongsberg,Jar Hvit,1
2026-11-01,Holmenkollen ishall,U12,Tønsberg Rød,Kongsberg,0
2026-11-01,Holmenkollen ishall,U12,Frisk Asker 3,Jar Hvit,1
2026-11-01,Varner Arena / Askerhallen,U9,Frisk Asker 3,Jar Rød,0
2026-11-01,Varner Arena / Askerhallen,U9,Kongsberg,Sandefjord,1
2026-11-01,Varner Arena / Askerhallen,U9,Jutul Hvit,Jar Blå,2
2026-11-01,Varner Arena / Askerhallen,U9,Holmen Hockey Hvit,Jutul Rød,3
2026-11-01,Varner Arena / Askerhallen,U9,Frisk Asker 3,Sandefjord,0
2026-11-01,Varner Arena / Askerhallen,U9,Jar Blå,Jar Rød,1
2026-11-01,Varner Arena / Askerhallen,U9,Jutul Rød,Kongsberg,2
2026-11-01,Varner Arena / Askerhallen,U9,Holmen Hockey Hvit,Jutul Hvit,3
2026-11-01,Varner Arena / Askerhallen,U9,Frisk Asker 3,Jar Blå,0
2026-11-01,Varner Arena / Askerhallen,U9,Sandefjord,Jutul Rød,1
2026-11-01,Varner Arena / Askerhallen,U9,Jar Rød,Holmen Hockey Hvit,2
2026-11-01,Varner Arena / Askerhallen,U9,Kongsberg,Jutul Hvit,3
2026-11-01,Varner Arena / Askerhallen,U9,Frisk Asker 3,Jutul Rød,0
2026-11-01,Varner Arena / Askerhallen,U9,Holmen Hockey Hvit,Jar Blå,1
2026-11-01,Varner Arena / Askerhallen,U9,Jutul Hvit,Sandefjord,2
2026-11-01,Varner Arena / Askerhallen,U9,Kongsberg,Jar Rød,3
2026-11-01,Varner Arena / Askerhallen,U9,Frisk Asker 3,Holmen Hockey Hvit,0
2026-11-01,Varner Arena / Askerhallen,U9,Jutul Rød,Jutul Hvit,1
2026-11-01,Varner Arena / Askerhallen,U9,Jar Blå,Kongsberg,2
2026-11-01,Varner Arena / Askerhallen,U9,Sandefjord,Jar Rød,3
2026-11-01,Varner Arena / Askerhallen,U9,Frisk Asker 3,Jutul Hvit,0
2026-11-01,Varner Arena / Askerhallen,U9,Kongsberg,Holmen Hockey Hvit,1
2026-11-01,Varner Arena / Askerhallen,U9,Jar Rød,Jutul Rød,2
2026-11-01,Varner Arena / Askerhallen,U9,Sandefjord,Jar Blå,3
2026-11-01,Varner Arena / Askerhallen,U9,Frisk Asker 3,Kongsberg,0
2026-11-01,Varner Arena / Askerhallen,U9,Jutul Hvit,Jar Rød,1
2026-11-01,Varner Arena / Askerhallen,U9,Holmen Hockey Hvit,Sandefjord,2
2026-11-01,Varner Arena / Askerhallen,U9,Jutul Rød,Jar Blå,3
2027-03-06,Varner Arena / Askerhallen,JU10,Frisk Asker Svart,Jar Hvit,0
2027-03-06,Varner Arena / Askerhallen,JU10,Skien,Ringerike 1,1
2027-03-06,Varner Arena / Askerhallen,JU10,Jar Blå,Jar Rød,2
2027-03-06,Varner Arena / Askerhallen,JU10,Frisk Asker Svart,Ringerike 1,0
2027-03-06,Varner Arena / Askerhallen,JU10,Jar Rød,Jar Hvit,1
2027-03-06,Varner Arena / Askerhallen,JU10,Jar Blå,Skien,2
2027-03-06,Varner Arena / Askerhallen,JU10,Frisk Asker Svart,Jar Rød,0
2027-03-06,Varner Arena / Askerhallen,JU10,Ringerike 1,Jar Blå,1
2027-03-06,Varner Arena / Askerhallen,JU10,Jar Hvit,Skien,2
2027-03-06,Varner Arena / Askerhallen,JU10,Frisk Asker Svart,Jar Blå,0
2027-03-06,Varner Arena / Askerhallen,JU10,Skien,Jar Rød,1
2027-03-06,Varner Arena / Askerhallen,JU10,Jar Hvit,Ringerike 1,2
2027-03-06,Varner Arena / Askerhallen,JU10,Frisk Asker Svart,Skien,0
2027-03-06,Varner Arena / Askerhallen,JU10,Jar Blå,Jar Hvit,1
2027-03-06,Varner Arena / Askerhallen,JU10,Jar Rød,Ringerike 1,2
2026-11-07,Baerum ishall,U10,Jutul Grønn,Frisk Asker 5,0
2026-11-07,Baerum ishall,U10,Ringerike 1,Holmen Hockey Sort,1
2026-11-07,Baerum ishall,U10,Jar Svart,Jar Grønn,2
2026-11-07,Baerum ishall,U10,Jutul Grønn,Holmen Hockey Sort,0
2026-11-07,Baerum ishall,U10,Jar Grønn,Frisk Asker 5,1
2026-11-07,Baerum ishall,U10,Jar Svart,Ringerike 1,2
2026-11-07,Baerum ishall,U10,Jutul Grønn,Jar Grønn,0
2026-11-07,Baerum ishall,U10,Holmen Hockey Sort,Jar Svart,1
2026-11-07,Baerum ishall,U10,Frisk Asker 5,Ringerike 1,2
2026-11-07,Baerum ishall,U10,Jutul Grønn,Jar Svart,0
2026-11-07,Baerum ishall,U10,Ringerike 1,Jar Grønn,1
2026-11-07,Baerum ishall,U10,Frisk Asker 5,Holmen Hockey Sort,2
2026-11-07,Baerum ishall,U10,Jutul Grønn,Ringerike 1,0
2026-11-07,Baerum ishall,U10,Jar Svart,Frisk Asker 5,1
2026-11-07,Baerum ishall,U10,Jar Grønn,Holmen Hockey Sort,2
2026-11-07,Baerum ishall,U11,Jutul Hvit,Ringerike 1,0
2026-11-07,Baerum ishall,U11,Frisk Asker 4,Jar Gul,1
2026-11-07,Baerum ishall,U11,Jar Blå,Sandefjord,2
2026-11-07,Baerum ishall,U11,Jutul Hvit,Jar Gul,0
2026-11-07,Baerum ishall,U11,Sandefjord,Ringerike 1,1
2026-11-07,Baerum ishall,U11,Jar Blå,Frisk Asker 4,2
2026-11-07,Baerum ishall,U11,Jutul Hvit,Sandefjord,0
2026-11-07,Baerum ishall,U11,Jar Gul,Jar Blå,1
2026-11-07,Baerum ishall,U11,Ringerike 1,Frisk Asker 4,2
2026-11-07,Baerum ishall,U11,Jutul Hvit,Jar Blå,0
2026-11-07,Baerum ishall,U11,Frisk Asker 4,Sandefjord,1
2026-11-07,Baerum ishall,U11,Ringerike 1,Jar Gul,2
2026-11-07,Baerum ishall,U11,Jutul Hvit,Frisk Asker 4,0
2026-11-07,Baerum ishall,U11,Jar Blå,Ringerike 1,1
2026-11-07,Baerum ishall,U11,Sandefjord,Jar Gul,2
2026-11-22,Baerum ishall,U7,Jutul Rød,Jar Rød,0
2026-11-22,Baerum ishall,U7,Jutul Grønn,Jar Blå,1
2026-11-22,Baerum ishall,U7,Jar Hvit,Frisk Asker 3,2
2026-11-22,Baerum ishall,U7,Sandefjord,Holmen Hockey Rød,3
2026-11-22,Baerum ishall,U7,Jutul Rød,Jar Blå,0
2026-11-22,Baerum ishall,U7,Frisk Asker 3,Jar Rød,1
2026-11-22,Baerum ishall,U7,Holmen Hockey Rød,Jutul Grønn,2
2026-11-22,Baerum ishall,U7,Sandefjord,Jar Hvit,3
2026-11-22,Baerum ishall,U7,Jutul Rød,Frisk Asker 3,0
2026-11-22,Baerum ishall,U7,Jar Blå,Holmen Hockey Rød,1
2026-11-22,Baerum ishall,U7,Jar Rød,Sandefjord,2
2026-11-22,Baerum ishall,U7,Jutul Grønn,Jar Hvit,3
2026-11-22,Baerum ishall,U7,Jutul Rød,Holmen Hockey Rød,0
2026-11-22,Baerum ishall,U7,Sandefjord,Frisk Asker 3,1
2026-11-22,Baerum ishall,U7,Jar Hvit,Jar Blå,2
2026-11-22,Baerum ishall,U7,Jutul Grønn,Jar Rød,3
2026-11-22,Baerum ishall,U7,Jutul Rød,Sandefjord,0
2026-11-22,Baerum ishall,U7,Holmen Hockey Rød,Jar Hvit,1
2026-11-22,Baerum ishall,U7,Frisk Asker 3,Jutul Grønn,2
2026-11-22,Baerum ishall,U7,Jar Blå,Jar Rød,3
2026-11-22,Baerum ishall,U7,Jutul Rød,Jar Hvit,0
2026-11-22,Baerum ishall,U7,Jutul Grønn,Sandefjord,1
2026-11-22,Baerum ishall,U7,Jar Rød,Holmen Hockey Rød,2
2026-11-22,Baerum ishall,U7,Jar Blå,Frisk Asker 3,3
2026-11-22,Baerum ishall,U7,Jutul Rød,Jutul Grønn,0
2026-11-22,Baerum ishall,U7,Jar Hvit,Jar Rød,1
2026-11-22,Baerum ishall,U7,Sandefjord,Jar Blå,2
2026-11-22,Baerum ishall,U7,Holmen Hockey Rød,Frisk Asker 3,3
2026-11-08,Ringerikshallen,JU12,Ringerike 2,Skien,0
2026-11-08,Ringerikshallen,JU12,Jutul/Jar Kittens,Frisk Asker Svart,1
2026-11-08,Ringerikshallen,JU12,Ringerike 2,Frisk Asker Svart,0
2026-11-08,Ringerikshallen,JU12,Jutul/Jar Kittens,Skien,1
2026-11-08,Ringerikshallen,JU12,Ringerike 2,Jutul/Jar Kittens,0
2026-11-08,Ringerikshallen,JU12,Frisk Asker Svart,Skien,1
2026-11-08,Holmenkollen ishall,U12,Holmen Hockey Rød,Tønsberg Grå,0
2026-11-08,Holmenkollen ishall,U12,Jar Rød,Frisk Asker 1,1
2026-11-08,Holmenkollen ishall,U12,Holmen Hockey Rød,Frisk Asker 1,0
2026-11-08,Holmenkollen ishall,U12,Jar Rød,Tønsberg Grå,1
2026-11-08,Holmenkollen ishall,U12,Holmen Hockey Rød,Jar Rød,0
2026-11-08,Holmenkollen ishall,U12,Frisk Asker 1,Tønsberg Grå,1
2027-01-09,Holmenkollen ishall,U8,Holmen Hockey Blå,Skien,0
2027-01-09,Holmenkollen ishall,U8,Jutul Rød,Tønsberg,1
2027-01-09,Holmenkollen ishall,U8,Ringerike 2,Frisk Asker 5,2
2027-01-09,Holmenkollen ishall,U8,Frisk Asker 2,Jar Hvit,3
2027-01-09,Holmenkollen ishall,U8,Holmen Hockey Blå,Tønsberg,0
2027-01-09,Holmenkollen ishall,U8,Frisk Asker 5,Skien,1
2027-01-09,Holmenkollen ishall,U8,Jar Hvit,Jutul Rød,2
2027-01-09,Holmenkollen ishall,U8,Frisk Asker 2,Ringerike 2,3
2027-01-09,Holmenkollen ishall,U8,Holmen Hockey Blå,Frisk Asker 5,0
2027-01-09,Holmenkollen ishall,U8,Tønsberg,Jar Hvit,1
2027-01-09,Holmenkollen ishall,U8,Skien,Frisk Asker 2,2
2027-01-09,Holmenkollen ishall,U8,Jutul Rød,Ringerike 2,3
2027-01-09,Holmenkollen ishall,U8,Holmen Hockey Blå,Jar Hvit,0
2027-01-09,Holmenkollen ishall,U8,Frisk Asker 2,Frisk Asker 5,1
2027-01-09,Holmenkollen ishall,U8,Ringerike 2,Tønsberg,2
2027-01-09,Holmenkollen ishall,U8,Jutul Rød,Skien,3
2027-01-09,Holmenkollen ishall,U8,Holmen Hockey Blå,Frisk Asker 2,0
2027-01-09,Holmenkollen ishall,U8,Jar Hvit,Ringerike 2,1
2027-01-09,Holmenkollen ishall,U8,Frisk Asker 5,Jutul Rød,2
2027-01-09,Holmenkollen ishall,U8,Tønsberg,Skien,3
2027-01-09,Holmenkollen ishall,U8,Holmen Hockey Blå,Ringerike 2,0
2027-01-09,Holmenkollen ishall,U8,Jutul Rød,Frisk Asker 2,1
2027-01-09,Holmenkollen ishall,U8,Skien,Jar Hvit,2
2027-01-09,Holmenkollen ishall,U8,Tønsberg,Frisk Asker 5,3
2027-01-09,Holmenkollen ishall,U8,Holmen Hockey Blå,Jutul Rød,0
2027-01-09,Holmenkollen ishall,U8,Ringerike 2,Skien,1
2027-01-09,Holmenkollen ishall,U8,Frisk Asker 2,Tønsberg,2
2027-01-09,Holmenkollen ishall,U8,Jar Hvit,Frisk Asker 5,3
2026-11-14,Holmenkollen ishall,U10,Holmen Hockey Hvit,Jar Hvit,0
2026-11-14,Holmenkollen ishall,U10,Frisk Asker 2,Jutul Rød,1
2026-11-14,Holmenkollen ishall,U10,Jar Blå,Ringerike 4,2
2026-11-14,Holmenkollen ishall,U10,Holmen Hockey Hvit,Jutul Rød,0
2026-11-14,Holmenkollen ishall,U10,Ringerike 4,Jar Hvit,1
2026-11-14,Holmenkollen ishall,U10,Jar Blå,Frisk Asker 2,2
2026-11-14,Holmenkollen ishall,U10,Holmen Hockey Hvit,Ringerike 4,0
2026-11-14,Holmenkollen ishall,U10,Jutul Rød,Jar Blå,1
2026-11-14,Holmenkollen ishall,U10,Jar Hvit,Frisk Asker 2,2
2026-11-14,Holmenkollen ishall,U10,Holmen Hockey Hvit,Jar Blå,0
2026-11-14,Holmenkollen ishall,U10,Frisk Asker 2,Ringerike 4,1
2026-11-14,Holmenkollen ishall,U10,Jar Hvit,Jutul Rød,2
2026-11-14,Holmenkollen ishall,U10,Holmen Hockey Hvit,Frisk Asker 2,0
2026-11-14,Holmenkollen ishall,U10,Jar Blå,Jar Hvit,1
2026-11-14,Holmenkollen ishall,U10,Ringerike 4,Jutul Rød,2
2026-10-11,Baerum ishall,U11,Jutul Grønn,Jar Hvit,0
2026-10-11,Baerum ishall,U11,Ringerike 1,Holmen Hockey Rød,1
2026-10-11,Baerum ishall,U11,Tønsberg Rød,Jar Grønn,2
2026-10-11,Baerum ishall,U11,Jutul Grønn,Holmen Hockey Rød,0
2026-10-11,Baerum ishall,U11,Jar Grønn,Jar Hvit,1
2026-10-11,Baerum ishall,U11,Tønsberg Rød,Ringerike 1,2
2026-10-11,Baerum ishall,U11,Jutul Grønn,Jar Grønn,0
2026-10-11,Baerum ishall,U11,Holmen Hockey Rød,Tønsberg Rød,1
2026-10-11,Baerum ishall,U11,Jar Hvit,Ringerike 1,2
2026-10-11,Baerum ishall,U11,Jutul Grønn,Tønsberg Rød,0
2026-10-11,Baerum ishall,U11,Ringerike 1,Jar Grønn,1
2026-10-11,Baerum ishall,U11,Jar Hvit,Holmen Hockey Rød,2
2026-10-11,Baerum ishall,U11,Jutul Grønn,Ringerike 1,0
2026-10-11,Baerum ishall,U11,Tønsberg Rød,Jar Hvit,1
2026-10-11,Baerum ishall,U11,Jar Grønn,Holmen Hockey Rød,2
2027-01-09,Jarhallen,U12,Jar Lilla,Frisk Asker 4,0
2027-01-09,Jarhallen,U12,Tønsberg Grå,Kongsberg,1
2027-01-09,Jarhallen,U12,Jar Lilla,Kongsberg,0
2027-01-09,Jarhallen,U12,Tønsberg Grå,Frisk Asker 4,1
2027-01-09,Jarhallen,U12,Jar Lilla,Tønsberg Grå,0
2027-01-09,Jarhallen,U12,Kongsberg,Frisk Asker 4,1
2026-11-29,Skien ishall,U9,Frisk Asker 1,Jutul Grønn,0
2026-11-29,Skien ishall,U9,Frisk Asker 3,Sandefjord,1
2026-11-29,Skien ishall,U9,Jar Rød,Ringerike 1,2
2026-11-29,Skien ishall,U9,Jar Svart,Holmen Hockey Rød,3
2026-11-29,Skien ishall,U9,Frisk Asker 1,Sandefjord,0
2026-11-29,Skien ishall,U9,Ringerike 1,Jutul Grønn,1
2026-11-29,Skien ishall,U9,Holmen Hockey Rød,Frisk Asker 3,2
2026-11-29,Skien ishall,U9,Jar Svart,Jar Rød,3
2026-11-29,Skien ishall,U9,Frisk Asker 1,Ringerike 1,0
2026-11-29,Skien ishall,U9,Sandefjord,Holmen Hockey Rød,1
2026-11-29,Skien ishall,U9,Jutul Grønn,Jar Svart,2
2026-11-29,Skien ishall,U9,Frisk Asker 3,Jar Rød,3
2026-11-29,Skien ishall,U9,Frisk Asker 1,Holmen Hockey Rød,0
2026-11-29,Skien ishall,U9,Jar Svart,Ringerike 1,1
2026-11-29,Skien ishall,U9,Jar Rød,Sandefjord,2
2026-11-29,Skien ishall,U9,Frisk Asker 3,Jutul Grønn,3
2026-11-29,Skien ishall,U9,Frisk Asker 1,Jar Svart,0
2026-11-29,Skien ishall,U9,Holmen Hockey Rød,Jar Rød,1
2026-11-29,Skien ishall,U9,Ringerike 1,Frisk Asker 3,2
2026-11-29,Skien ishall,U9,Sandefjord,Jutul Grønn,3
2026-11-29,Skien ishall,U9,Frisk Asker 1,Jar Rød,0
2026-11-29,Skien ishall,U9,Frisk Asker 3,Jar Svart,1
2026-11-29,Skien ishall,U9,Jutul Grønn,Holmen Hockey Rød,2
2026-11-29,Skien ishall,U9,Sandefjord,Ringerike 1,3
2026-11-29,Skien ishall,U9,Frisk Asker 1,Frisk Asker 3,0
2026-11-29,Skien ishall,U9,Jar Rød,Jutul Grønn,1
2026-11-29,Skien ishall,U9,Jar Svart,Sandefjord,2
2026-11-29,Skien ishall,U9,Holmen Hockey Rød,Ringerike 1,3
2026-11-15,Ringerikshallen,JU12,Ringerike 2,Tønsberg,0
2026-11-15,Ringerikshallen,JU12,Frisk Asker Orange,Jar,1
2026-11-15,Ringerikshallen,JU12,Ringerike 2,Jar,0
2026-11-15,Ringerikshallen,JU12,Frisk Asker Orange,Tønsberg,1
2026-11-15,Ringerikshallen,JU12,Ringerike 2,Frisk Asker Orange,0
2026-11-15,Ringerikshallen,JU12,Jar,Tønsberg,1
2026-11-15,Holmenkollen ishall,U10,Holmen Hockey Rød,Frisk Asker 6,0
2026-11-15,Holmenkollen ishall,U10,Jar Grønn,Ringerike 3,1
2026-11-15,Holmenkollen ishall,U10,Jar Rød,Kongsberg,2
2026-11-15,Holmenkollen ishall,U10,Holmen Hockey Rød,Ringerike 3,0
2026-11-15,Holmenkollen ishall,U10,Kongsberg,Frisk Asker 6,1
2026-11-15,Holmenkollen ishall,U10,Jar Rød,Jar Grønn,2
2026-11-15,Holmenkollen ishall,U10,Holmen Hockey Rød,Kongsberg,0
2026-11-15,Holmenkollen ishall,U10,Ringerike 3,Jar Rød,1
2026-11-15,Holmenkollen ishall,U10,Frisk Asker 6,Jar Grønn,2
2026-11-15,Holmenkollen ishall,U10,Holmen Hockey Rød,Jar Rød,0
2026-11-15,Holmenkollen ishall,U10,Jar Grønn,Kongsberg,1
2026-11-15,Holmenkollen ishall,U10,Frisk Asker 6,Ringerike 3,2
2026-11-15,Holmenkollen ishall,U10,Holmen Hockey Rød,Jar Grønn,0
2026-11-15,Holmenkollen ishall,U10,Jar Rød,Frisk Asker 6,1
2026-11-15,Holmenkollen ishall,U10,Kongsberg,Ringerike 3,2
2026-11-15,Baerum ishall,U11,Jutul Hvit,Kongsberg,0
2026-11-15,Baerum ishall,U11,Jar Lilla,Tønsberg Grå,1
2026-11-15,Baerum ishall,U11,Jar Hvit,Frisk Asker 3,2
2026-11-15,Baerum ishall,U11,Jutul Hvit,Tønsberg Grå,0
2026-11-15,Baerum ishall,U11,Frisk Asker 3,Kongsberg,1
2026-11-15,Baerum ishall,U11,Jar Hvit,Jar Lilla,2
2026-11-15,Baerum ishall,U11,Jutul Hvit,Frisk Asker 3,0
2026-11-15,Baerum ishall,U11,Tønsberg Grå,Jar Hvit,1
2026-11-15,Baerum ishall,U11,Kongsberg,Jar Lilla,2
2026-11-15,Baerum ishall,U11,Jutul Hvit,Jar Hvit,0
2026-11-15,Baerum ishall,U11,Jar Lilla,Frisk Asker 3,1
2026-11-15,Baerum ishall,U11,Kongsberg,Tønsberg Grå,2
2026-11-15,Baerum ishall,U11,Jutul Hvit,Jar Lilla,0
2026-11-15,Baerum ishall,U11,Jar Hvit,Kongsberg,1
2026-11-15,Baerum ishall,U11,Frisk Asker 3,Tønsberg Grå,2
2026-11-15,Holmenkollen ishall,U12,Holmen Hockey Hvit,Frisk Asker 2,0
2026-11-15,Holmenkollen ishall,U12,Jar Lilla,Ringerike 1,1
2026-11-15,Holmenkollen ishall,U12,Holmen Hockey Hvit,Ringerike 1,0
2026-11-15,Holmenkollen ishall,U12,Jar Lilla,Frisk Asker 2,1
2026-11-15,Holmenkollen ishall,U12,Holmen Hockey Hvit,Jar Lilla,0
2026-11-15,Holmenkollen ishall,U12,Ringerike 1,Frisk Asker 2,1
2026-11-28,Baerum ishall,JU12,Jutul Kittens,Ringerike 1,0
2026-11-28,Baerum ishall,JU12,Skien,Jar,1
2026-11-28,Baerum ishall,JU12,Jutul Kittens,Jar,0
2026-11-28,Baerum ishall,JU12,Skien,Ringerike 1,1
2026-11-28,Baerum ishall,JU12,Jutul Kittens,Skien,0
2026-11-28,Baerum ishall,JU12,Jar,Ringerike 1,1
2026-11-21,Varner Arena / Askerhallen,U11,Frisk Asker 4,Tønsberg Hvit,0
2026-11-21,Varner Arena / Askerhallen,U11,Jar Rød,Holmen Hockey Hvit,1
2026-11-21,Varner Arena / Askerhallen,U11,Jar Svart,Jutul Rød,2
2026-11-21,Varner Arena / Askerhallen,U11,Frisk Asker 4,Holmen Hockey Hvit,0
2026-11-21,Varner Arena / Askerhallen,U11,Jutul Rød,Tønsberg Hvit,1
2026-11-21,Varner Arena / Askerhallen,U11,Jar Svart,Jar Rød,2
2026-11-21,Varner Arena / Askerhallen,U11,Frisk Asker 4,Jutul Rød,0
2026-11-21,Varner Arena / Askerhallen,U11,Holmen Hockey Hvit,Jar Svart,1
2026-11-21,Varner Arena / Askerhallen,U11,Tønsberg Hvit,Jar Rød,2
2026-11-21,Varner Arena / Askerhallen,U11,Frisk Asker 4,Jar Svart,0
2026-11-21,Varner Arena / Askerhallen,U11,Jar Rød,Jutul Rød,1
2026-11-21,Varner Arena / Askerhallen,U11,Tønsberg Hvit,Holmen Hockey Hvit,2
2026-11-21,Varner Arena / Askerhallen,U11,Frisk Asker 4,Jar Rød,0
2026-11-21,Varner Arena / Askerhallen,U11,Jar Svart,Tønsberg Hvit,1
2026-11-21,Varner Arena / Askerhallen,U11,Jutul Rød,Holmen Hockey Hvit,2
2026-10-25,Holmenkollen ishall,U8,Holmen Hockey Hvit,Ringerike 2,0
2026-10-25,Holmenkollen ishall,U8,Kongsberg,Jar Blå,1
2026-10-25,Holmenkollen ishall,U8,Jar Rød,Tønsberg,2
2026-10-25,Holmenkollen ishall,U8,Frisk Asker 2,Jutul Hvit,3
2026-10-25,Holmenkollen ishall,U8,Holmen Hockey Hvit,Jar Blå,0
2026-10-25,Holmenkollen ishall,U8,Tønsberg,Ringerike 2,1
2026-10-25,Holmenkollen ishall,U8,Jutul Hvit,Kongsberg,2
2026-10-25,Holmenkollen ishall,U8,Frisk Asker 2,Jar Rød,3
2026-10-25,Holmenkollen ishall,U8,Holmen Hockey Hvit,Tønsberg,0
2026-10-25,Holmenkollen ishall,U8,Jar Blå,Jutul Hvit,1
2026-10-25,Holmenkollen ishall,U8,Ringerike 2,Frisk Asker 2,2
2026-10-25,Holmenkollen ishall,U8,Kongsberg,Jar Rød,3
2026-10-25,Holmenkollen ishall,U8,Holmen Hockey Hvit,Jutul Hvit,0
2026-10-25,Holmenkollen ishall,U8,Frisk Asker 2,Tønsberg,1
2026-10-25,Holmenkollen ishall,U8,Jar Rød,Jar Blå,2
2026-10-25,Holmenkollen ishall,U8,Kongsberg,Ringerike 2,3
2026-10-25,Holmenkollen ishall,U8,Holmen Hockey Hvit,Frisk Asker 2,0
2026-10-25,Holmenkollen ishall,U8,Jutul Hvit,Jar Rød,1
2026-10-25,Holmenkollen ishall,U8,Tønsberg,Kongsberg,2
2026-10-25,Holmenkollen ishall,U8,Jar Blå,Ringerike 2,3
2026-10-25,Holmenkollen ishall,U8,Holmen Hockey Hvit,Jar Rød,0
2026-10-25,Holmenkollen ishall,U8,Kongsberg,Frisk Asker 2,1
2026-10-25,Holmenkollen ishall,U8,Ringerike 2,Jutul Hvit,2
2026-10-25,Holmenkollen ishall,U8,Jar Blå,Tønsberg,3
2026-10-25,Holmenkollen ishall,U8,Holmen Hockey Hvit,Kongsberg,0
2026-10-25,Holmenkollen ishall,U8,Jar Rød,Ringerike 2,1
2026-10-25,Holmenkollen ishall,U8,Frisk Asker 2,Jar Blå,2
2026-10-25,Holmenkollen ishall,U8,Jutul Hvit,Tønsberg,3
2027-04-17,Baerum ishall,U9,Jutul Gul,Jar Svart,0
2027-04-17,Baerum ishall,U9,Holmen Hockey Hvit,Sandefjord,1
2027-04-17,Baerum ishall,U9,Frisk Asker 1,Frisk Asker 5,2
2027-04-17,Baerum ishall,U9,Tønsberg,Kongsberg,3
2027-04-17,Baerum ishall,U9,Jutul Gul,Sandefjord,0
2027-04-17,Baerum ishall,U9,Frisk Asker 5,Jar Svart,1
2027-04-17,Baerum ishall,U9,Kongsberg,Holmen Hockey Hvit,2
2027-04-17,Baerum ishall,U9,Tønsberg,Frisk Asker 1,3
2027-04-17,Baerum ishall,U9,Jutul Gul,Frisk Asker 5,0
2027-04-17,Baerum ishall,U9,Sandefjord,Kongsberg,1
2027-04-17,Baerum ishall,U9,Jar Svart,Tønsberg,2
2027-04-17,Baerum ishall,U9,Holmen Hockey Hvit,Frisk Asker 1,3
2027-04-17,Baerum ishall,U9,Jutul Gul,Kongsberg,0
2027-04-17,Baerum ishall,U9,Tønsberg,Frisk Asker 5,1
2027-04-17,Baerum ishall,U9,Frisk Asker 1,Sandefjord,2
2027-04-17,Baerum ishall,U9,Holmen Hockey Hvit,Jar Svart,3
2027-04-17,Baerum ishall,U9,Jutul Gul,Tønsberg,0
2027-04-17,Baerum ishall,U9,Kongsberg,Frisk Asker 1,1
2027-04-17,Baerum ishall,U9,Frisk Asker 5,Holmen Hockey Hvit,2
2027-04-17,Baerum ishall,U9,Sandefjord,Jar Svart,3
2027-04-17,Baerum ishall,U9,Jutul Gul,Frisk Asker 1,0
2027-04-17,Baerum ishall,U9,Holmen Hockey Hvit,Tønsberg,1
2027-04-17,Baerum ishall,U9,Jar Svart,Kongsberg,2
2027-04-17,Baerum ishall,U9,Sandefjord,Frisk Asker 5,3
2027-04-17,Baerum ishall,U9,Jutul Gul,Holmen Hockey Hvit,0
2027-04-17,Baerum ishall,U9,Frisk Asker 1,Jar Svart,1
2027-04-17,Baerum ishall,U9,Tønsberg,Sandefjord,2
2027-04-17,Baerum ishall,U9,Kongsberg,Frisk Asker 5,3
2026-12-05,Baerum ishall,JU12,Jutul/Jar Kittens,Ringerike 1,0
2026-12-05,Baerum ishall,JU12,Jar Hvit,Frisk Asker Orange,1
2026-12-05,Baerum ishall,JU12,Jutul/Jar Kittens,Frisk Asker Orange,0
2026-12-05,Baerum ishall,JU12,Jar Hvit,Ringerike 1,1
2026-12-05,Baerum ishall,JU12,Jutul/Jar Kittens,Jar Hvit,0
2026-12-05,Baerum ishall,JU12,Frisk Asker Orange,Ringerike 1,1
2026-11-22,Holmenkollen ishall,U11,Holmen Hockey Rød,Jar Lilla,0
2026-11-22,Holmenkollen ishall,U11,Jar Blå,Frisk Asker 1,1
2026-11-22,Holmenkollen ishall,U11,Tønsberg Rød,Ringerike 2,2
2026-11-22,Holmenkollen ishall,U11,Holmen Hockey Rød,Frisk Asker 1,0
2026-11-22,Holmenkollen ishall,U11,Ringerike 2,Jar Lilla,1
2026-11-22,Holmenkollen ishall,U11,Tønsberg Rød,Jar Blå,2
2026-11-22,Holmenkollen ishall,U11,Holmen Hockey Rød,Ringerike 2,0
2026-11-22,Holmenkollen ishall,U11,Frisk Asker 1,Tønsberg Rød,1
2026-11-22,Holmenkollen ishall,U11,Jar Lilla,Jar Blå,2
2026-11-22,Holmenkollen ishall,U11,Holmen Hockey Rød,Tønsberg Rød,0
2026-11-22,Holmenkollen ishall,U11,Jar Blå,Ringerike 2,1
2026-11-22,Holmenkollen ishall,U11,Jar Lilla,Frisk Asker 1,2
2026-11-22,Holmenkollen ishall,U11,Holmen Hockey Rød,Jar Blå,0
2026-11-22,Holmenkollen ishall,U11,Tønsberg Rød,Jar Lilla,1
2026-11-22,Holmenkollen ishall,U11,Ringerike 2,Frisk Asker 1,2
2026-11-22,Varner Arena / Askerhallen,U12,Frisk Asker 4,Jutul Rød,0
2026-11-22,Varner Arena / Askerhallen,U12,Jar Svart,Tønsberg Rød,1
2026-11-22,Varner Arena / Askerhallen,U12,Frisk Asker 4,Tønsberg Rød,0
2026-11-22,Varner Arena / Askerhallen,U12,Jar Svart,Jutul Rød,1
2026-11-22,Varner Arena / Askerhallen,U12,Frisk Asker 4,Jar Svart,0
2026-11-22,Varner Arena / Askerhallen,U12,Tønsberg Rød,Jutul Rød,1
2027-03-07,Varner Arena / Askerhallen,U7,Frisk Asker 3,Holmen Hockey Rød,0
2027-03-07,Varner Arena / Askerhallen,U7,Frisk Asker 1,Jar Rød,1
2027-03-07,Varner Arena / Askerhallen,U7,Tønsberg,Jar Svart,2
2027-03-07,Varner Arena / Askerhallen,U7,Jutul Rød,Jutul Hvit,3
2027-03-07,Varner Arena / Askerhallen,U7,Frisk Asker 3,Jar Rød,0
2027-03-07,Varner Arena / Askerhallen,U7,Jar Svart,Holmen Hockey Rød,1
2027-03-07,Varner Arena / Askerhallen,U7,Jutul Hvit,Frisk Asker 1,2
2027-03-07,Varner Arena / Askerhallen,U7,Jutul Rød,Tønsberg,3
2027-03-07,Varner Arena / Askerhallen,U7,Frisk Asker 3,Jar Svart,0
2027-03-07,Varner Arena / Askerhallen,U7,Jar Rød,Jutul Hvit,1
2027-03-07,Varner Arena / Askerhallen,U7,Holmen Hockey Rød,Jutul Rød,2
2027-03-07,Varner Arena / Askerhallen,U7,Frisk Asker 1,Tønsberg,3
2027-03-07,Varner Arena / Askerhallen,U7,Frisk Asker 3,Jutul Hvit,0
2027-03-07,Varner Arena / Askerhallen,U7,Jutul Rød,Jar Svart,1
2027-03-07,Varner Arena / Askerhallen,U7,Tønsberg,Jar Rød,2
2027-03-07,Varner Arena / Askerhallen,U7,Frisk Asker 1,Holmen Hockey Rød,3
2027-03-07,Varner Arena / Askerhallen,U7,Frisk Asker 3,Jutul Rød,0
2027-03-07,Varner Arena / Askerhallen,U7,Jutul Hvit,Tønsberg,1
2027-03-07,Varner Arena / Askerhallen,U7,Jar Svart,Frisk Asker 1,2
2027-03-07,Varner Arena / Askerhallen,U7,Jar Rød,Holmen Hockey Rød,3
2027-03-07,Varner Arena / Askerhallen,U7,Frisk Asker 3,Tønsberg,0
2027-03-07,Varner Arena / Askerhallen,U7,Frisk Asker 1,Jutul Rød,1
2027-03-07,Varner Arena / Askerhallen,U7,Holmen Hockey Rød,Jutul Hvit,2
2027-03-07,Varner Arena / Askerhallen,U7,Jar Rød,Jar Svart,3
2027-03-07,Varner Arena / Askerhallen,U7,Frisk Asker 3,Frisk Asker 1,0
2027-03-07,Varner Arena / Askerhallen,U7,Tønsberg,Holmen Hockey Rød,1
2027-03-07,Varner Arena / Askerhallen,U7,Jutul Rød,Jar Rød,2
2027-03-07,Varner Arena / Askerhallen,U7,Jutul Hvit,Jar Svart,3
2027-02-14,Skien ishall,JU10,Skien,Frisk Asker Orange,0
2027-02-14,Skien ishall,JU10,Ringerike 1,Frisk Asker Svart,1
2027-02-14,Skien ishall,JU10,Jar Blå,Jar Rød,2
2027-02-14,Skien ishall,JU10,Skien,Frisk Asker Svart,0
2027-02-14,Skien ishall,JU10,Jar Rød,Frisk Asker Orange,1
2027-02-14,Skien ishall,JU10,Jar Blå,Ringerike 1,2
2027-02-14,Skien ishall,JU10,Skien,Jar Rød,0
2027-02-14,Skien ishall,JU10,Frisk Asker Svart,Jar Blå,1
2027-02-14,Skien ishall,JU10,Frisk Asker Orange,Ringerike 1,2
2027-02-14,Skien ishall,JU10,Skien,Jar Blå,0
2027-02-14,Skien ishall,JU10,Ringerike 1,Jar Rød,1
2027-02-14,Skien ishall,JU10,Frisk Asker Orange,Frisk Asker Svart,2
2027-02-14,Skien ishall,JU10,Skien,Ringerike 1,0
2027-02-14,Skien ishall,JU10,Jar Blå,Frisk Asker Orange,1
2027-02-14,Skien ishall,JU10,Jar Rød,Frisk Asker Svart,2
2026-11-29,Ringerikshallen,U10,Ringerike 3,Frisk Asker 2,0
2026-11-29,Ringerikshallen,U10,Jar Rød,Holmen Hockey Blå,1
2026-11-29,Ringerikshallen,U10,Frisk Asker 4,Jar Svart,2
2026-11-29,Ringerikshallen,U10,Ringerike 3,Holmen Hockey Blå,0
2026-11-29,Ringerikshallen,U10,Jar Svart,Frisk Asker 2,1
2026-11-29,Ringerikshallen,U10,Frisk Asker 4,Jar Rød,2
2026-11-29,Ringerikshallen,U10,Ringerike 3,Jar Svart,0
2026-11-29,Ringerikshallen,U10,Holmen Hockey Blå,Frisk Asker 4,1
2026-11-29,Ringerikshallen,U10,Frisk Asker 2,Jar Rød,2
2026-11-29,Ringerikshallen,U10,Ringerike 3,Frisk Asker 4,0
2026-11-29,Ringerikshallen,U10,Jar Rød,Jar Svart,1
2026-11-29,Ringerikshallen,U10,Frisk Asker 2,Holmen Hockey Blå,2
2026-11-29,Ringerikshallen,U10,Ringerike 3,Jar Rød,0
2026-11-29,Ringerikshallen,U10,Frisk Asker 4,Frisk Asker 2,1
2026-11-29,Ringerikshallen,U10,Jar Svart,Holmen Hockey Blå,2
2026-11-28,Holmenkollen ishall,U11,Holmen Hockey Hvit,Jar Grønn,0
2026-11-28,Holmenkollen ishall,U11,Skien,Jar Oransje,1
2026-11-28,Holmenkollen ishall,U11,Frisk Asker 2,Ringerike 1,2
2026-11-28,Holmenkollen ishall,U11,Holmen Hockey Hvit,Jar Oransje,0
2026-11-28,Holmenkollen ishall,U11,Ringerike 1,Jar Grønn,1
2026-11-28,Holmenkollen ishall,U11,Frisk Asker 2,Skien,2
2026-11-28,Holmenkollen ishall,U11,Holmen Hockey Hvit,Ringerike 1,0
2026-11-28,Holmenkollen ishall,U11,Jar Oransje,Frisk Asker 2,1
2026-11-28,Holmenkollen ishall,U11,Jar Grønn,Skien,2
2026-11-28,Holmenkollen ishall,U11,Holmen Hockey Hvit,Frisk Asker 2,0
2026-11-28,Holmenkollen ishall,U11,Skien,Ringerike 1,1
2026-11-28,Holmenkollen ishall,U11,Jar Grønn,Jar Oransje,2
2026-11-28,Holmenkollen ishall,U11,Holmen Hockey Hvit,Skien,0
2026-11-28,Holmenkollen ishall,U11,Frisk Asker 2,Jar Grønn,1
2026-11-28,Holmenkollen ishall,U11,Ringerike 1,Jar Oransje,2
2026-11-28,Kongsberghallen,U12,Kongsberg,Tønsberg Hvit,0
2026-11-28,Kongsberghallen,U12,Jutul Grønn,Jar Blå,1
2026-11-28,Kongsberghallen,U12,Kongsberg,Jar Blå,0
2026-11-28,Kongsberghallen,U12,Jutul Grønn,Tønsberg Hvit,1
2026-11-28,Kongsberghallen,U12,Kongsberg,Jutul Grønn,0
2026-11-28,Kongsberghallen,U12,Jar Blå,Tønsberg Hvit,1
2026-11-21,Varner Arena / Askerhallen,JU12,Frisk Asker Svart,Jutul Kittens,0
2026-11-21,Varner Arena / Askerhallen,JU12,Jar Hvit,Kongsberg/Tønsberg,1
2026-11-21,Varner Arena / Askerhallen,JU12,Frisk Asker Svart,Kongsberg/Tønsberg,0
2026-11-21,Varner Arena / Askerhallen,JU12,Jar Hvit,Jutul Kittens,1
2026-11-21,Varner Arena / Askerhallen,JU12,Frisk Asker Svart,Jar Hvit,0
2026-11-21,Varner Arena / Askerhallen,JU12,Kongsberg/Tønsberg,Jutul Kittens,1
2026-11-29,Varner Arena / Askerhallen,U10,Frisk Asker 3,Tønsberg,0
2026-11-29,Varner Arena / Askerhallen,U10,Jar Gul,Holmen Hockey Rød,1
2026-11-29,Varner Arena / Askerhallen,U10,Jar Grønn,Ringerike 4,2
2026-11-29,Varner Arena / Askerhallen,U10,Frisk Asker 3,Holmen Hockey Rød,0
2026-11-29,Varner Arena / Askerhallen,U10,Ringerike 4,Tønsberg,1
2026-11-29,Varner Arena / Askerhallen,U10,Jar Grønn,Jar Gul,2
2026-11-29,Varner Arena / Askerhallen,U10,Frisk Asker 3,Ringerike 4,0
2026-11-29,Varner Arena / Askerhallen,U10,Holmen Hockey Rød,Jar Grønn,1
2026-11-29,Varner Arena / Askerhallen,U10,Tønsberg,Jar Gul,2
2026-11-29,Varner Arena / Askerhallen,U10,Frisk Asker 3,Jar Grønn,0
2026-11-29,Varner Arena / Askerhallen,U10,Jar Gul,Ringerike 4,1
2026-11-29,Varner Arena / Askerhallen,U10,Tønsberg,Holmen Hockey Rød,2
2026-11-29,Varner Arena / Askerhallen,U10,Frisk Asker 3,Jar Gul,0
2026-11-29,Varner Arena / Askerhallen,U10,Jar Grønn,Tønsberg,1
2026-11-29,Varner Arena / Askerhallen,U10,Ringerike 4,Holmen Hockey Rød,2
2026-11-29,Holmenkollen ishall,U11,Holmen Hockey Rød,Tønsberg Grå,0
2026-11-29,Holmenkollen ishall,U11,Jar Gul,Sandefjord,1
2026-11-29,Holmenkollen ishall,U11,Jutul Grønn,Frisk Asker 2,2
2026-11-29,Holmenkollen ishall,U11,Holmen Hockey Rød,Sandefjord,0
2026-11-29,Holmenkollen ishall,U11,Frisk Asker 2,Tønsberg Grå,1
2026-11-29,Holmenkollen ishall,U11,Jutul Grønn,Jar Gul,2
2026-11-29,Holmenkollen ishall,U11,Holmen Hockey Rød,Frisk Asker 2,0
2026-11-29,Holmenkollen ishall,U11,Sandefjord,Jutul Grønn,1
2026-11-29,Holmenkollen ishall,U11,Tønsberg Grå,Jar Gul,2
2026-11-29,Holmenkollen ishall,U11,Holmen Hockey Rød,Jutul Grønn,0
2026-11-29,Holmenkollen ishall,U11,Jar Gul,Frisk Asker 2,1
2026-11-29,Holmenkollen ishall,U11,Tønsberg Grå,Sandefjord,2
2026-11-29,Holmenkollen ishall,U11,Holmen Hockey Rød,Jar Gul,0
2026-11-29,Holmenkollen ishall,U11,Jutul Grønn,Tønsberg Grå,1
2026-11-29,Holmenkollen ishall,U11,Frisk Asker 2,Sandefjord,2
2026-12-05,Holmenkollen ishall,U12,Holmen Hockey Hvit,Ringerike 2,0
2026-12-05,Holmenkollen ishall,U12,Jar Lilla,Frisk Asker 3,1
2026-12-05,Holmenkollen ishall,U12,Holmen Hockey Hvit,Frisk Asker 3,0
2026-12-05,Holmenkollen ishall,U12,Jar Lilla,Ringerike 2,1
2026-12-05,Holmenkollen ishall,U12,Holmen Hockey Hvit,Jar Lilla,0
2026-12-05,Holmenkollen ishall,U12,Frisk Asker 3,Ringerike 2,1
2026-10-04,Varner Arena / Askerhallen,JU10,Frisk Asker Svart,Skien,0
2026-10-04,Varner Arena / Askerhallen,JU10,Frisk Asker Orange,Jar Rød,1
2026-10-04,Varner Arena / Askerhallen,JU10,Jar Hvit,Jar Blå,2
2026-10-04,Varner Arena / Askerhallen,JU10,Frisk Asker Svart,Jar Rød,0
2026-10-04,Varner Arena / Askerhallen,JU10,Jar Blå,Skien,1
2026-10-04,Varner Arena / Askerhallen,JU10,Jar Hvit,Frisk Asker Orange,2
2026-10-04,Varner Arena / Askerhallen,JU10,Frisk Asker Svart,Jar Blå,0
2026-10-04,Varner Arena / Askerhallen,JU10,Jar Rød,Jar Hvit,1
2026-10-04,Varner Arena / Askerhallen,JU10,Skien,Frisk Asker Orange,2
2026-10-04,Varner Arena / Askerhallen,JU10,Frisk Asker Svart,Jar Hvit,0
2026-10-04,Varner Arena / Askerhallen,JU10,Frisk Asker Orange,Jar Blå,1
2026-10-04,Varner Arena / Askerhallen,JU10,Skien,Jar Rød,2
2026-10-04,Varner Arena / Askerhallen,JU10,Frisk Asker Svart,Frisk Asker Orange,0
2026-10-04,Varner Arena / Askerhallen,JU10,Jar Hvit,Skien,1
2026-10-04,Varner Arena / Askerhallen,JU10,Jar Blå,Jar Rød,2
2027-02-07,Ringerikshallen,JU8,Frisk Asker,Jutul Kittens,0
2027-02-07,Ringerikshallen,JU8,Jar,Jar Rød,1
2027-02-07,Ringerikshallen,JU8,Jutul Grønn,Skien,2
2027-02-07,Ringerikshallen,JU8,Ringerike 1,Jutul Kittens,0
2027-02-07,Ringerikshallen,JU8,Skien,Frisk Asker,1
2027-02-07,Ringerikshallen,JU8,Jutul Grønn,Jar,2
2027-02-07,Ringerikshallen,JU8,Ringerike 1,Jar Rød,0
2027-02-07,Ringerikshallen,JU8,Jutul Kittens,Skien,1
2027-02-07,Ringerikshallen,JU8,Frisk Asker,Jar,2
2027-02-07,Ringerikshallen,JU8,Ringerike 1,Skien,0
2027-02-07,Ringerikshallen,JU8,Jutul Grønn,Jar Rød,1
2027-02-07,Ringerikshallen,JU8,Jar,Jutul Kittens,2
2027-02-07,Ringerikshallen,JU8,Ringerike 1,Jutul Grønn,0
2027-02-07,Ringerikshallen,JU8,Skien,Jar,1
2027-02-07,Ringerikshallen,JU8,Jar Rød,Frisk Asker,2
2027-02-07,Ringerikshallen,JU8,Ringerike 1,Jar,0
2027-02-07,Ringerikshallen,JU8,Frisk Asker,Jutul Grønn,1
2027-02-07,Ringerikshallen,JU8,Jutul Kittens,Jar Rød,2
2027-02-07,Ringerikshallen,JU8,Ringerike 1,Frisk Asker,0
2027-02-07,Ringerikshallen,JU8,Jutul Grønn,Jutul Kittens,1
2027-02-07,Ringerikshallen,JU8,Skien,Jar Rød,2
2027-02-07,Ringerikshallen,JU8,(Pause),Ringerike 1,
2027-02-07,Ringerikshallen,JU8,(Pause),Jar Rød,
2027-02-07,Ringerikshallen,JU8,(Pause),Jutul Grønn,
2027-02-07,Ringerikshallen,JU8,(Pause),Frisk Asker,
2027-02-07,Ringerikshallen,JU8,(Pause),Jutul Kittens,
2027-02-07,Ringerikshallen,JU8,(Pause),Skien,
2027-02-07,Ringerikshallen,JU8,(Pause),Jar,
2026-11-22,Baerum ishall,U10,Jutul Grønn,Jar Gul,0
2026-11-22,Baerum ishall,U10,Ringerike 1,Holmen Hockey Sort,1
2026-11-22,Baerum ishall,U10,Frisk Asker 2,Frisk Asker 3,2
2026-11-22,Baerum ishall,U10,Jutul Grønn,Holmen Hockey Sort,0
2026-11-22,Baerum ishall,U10,Frisk Asker 3,Jar Gul,1
2026-11-22,Baerum ishall,U10,Frisk Asker 2,Ringerike 1,2
2026-11-22,Baerum ishall,U10,Jutul Grønn,Frisk Asker 3,0
2026-11-22,Baerum ishall,U10,Holmen Hockey Sort,Frisk Asker 2,1
2026-11-22,Baerum ishall,U10,Jar Gul,Ringerike 1,2
2026-11-22,Baerum ishall,U10,Jutul Grønn,Frisk Asker 2,0
2026-11-22,Baerum ishall,U10,Ringerike 1,Frisk Asker 3,1
2026-11-22,Baerum ishall,U10,Jar Gul,Holmen Hockey Sort,2
2026-11-22,Baerum ishall,U10,Jutul Grønn,Ringerike 1,0
2026-11-22,Baerum ishall,U10,Frisk Asker 2,Jar Gul,1
2026-11-22,Baerum ishall,U10,Frisk Asker 3,Holmen Hockey Sort,2
2026-12-05,Baerum ishall,U11,Jutul Hvit,Skien,0
2026-12-05,Baerum ishall,U11,Jar Hvit,Tønsberg Hvit,1
2026-12-05,Baerum ishall,U11,Frisk Asker 3,Jar Rød,2
2026-12-05,Baerum ishall,U11,Jutul Hvit,Tønsberg Hvit,0
2026-12-05,Baerum ishall,U11,Jar Rød,Skien,1
2026-12-05,Baerum ishall,U11,Frisk Asker 3,Jar Hvit,2
2026-12-05,Baerum ishall,U11,Jutul Hvit,Jar Rød,0
2026-12-05,Baerum ishall,U11,Tønsberg Hvit,Frisk Asker 3,1
2026-12-05,Baerum ishall,U11,Skien,Jar Hvit,2
2026-12-05,Baerum ishall,U11,Jutul Hvit,Frisk Asker 3,0
2026-12-05,Baerum ishall,U11,Jar Hvit,Jar Rød,1
2026-12-05,Baerum ishall,U11,Skien,Tønsberg Hvit,2
2026-12-05,Baerum ishall,U11,Jutul Hvit,Jar Hvit,0
2026-12-05,Baerum ishall,U11,Frisk Asker 3,Skien,1
2026-12-05,Baerum ishall,U11,Jar Rød,Tønsberg Hvit,2
2026-12-05,Baerum ishall,U8,Jutul Grønn,Holmen Hockey Blå,0
2026-12-05,Baerum ishall,U8,Kongsberg,Skien,1
2026-12-05,Baerum ishall,U8,Frisk Asker 2,Frisk Asker 4,2
2026-12-05,Baerum ishall,U8,Jar Hvit,Holmen Hockey Hvit,3
2026-12-05,Baerum ishall,U8,Jutul Grønn,Skien,0
2026-12-05,Baerum ishall,U8,Frisk Asker 4,Holmen Hockey Blå,1
2026-12-05,Baerum ishall,U8,Holmen Hockey Hvit,Kongsberg,2
2026-12-05,Baerum ishall,U8,Jar Hvit,Frisk Asker 2,3
2026-12-05,Baerum ishall,U8,Jutul Grønn,Frisk Asker 4,0
2026-12-05,Baerum ishall,U8,Skien,Holmen Hockey Hvit,1
2026-12-05,Baerum ishall,U8,Holmen Hockey Blå,Jar Hvit,2
2026-12-05,Baerum ishall,U8,Kongsberg,Frisk Asker 2,3
2026-12-05,Baerum ishall,U8,Jutul Grønn,Holmen Hockey Hvit,0
2026-12-05,Baerum ishall,U8,Jar Hvit,Frisk Asker 4,1
2026-12-05,Baerum ishall,U8,Frisk Asker 2,Skien,2
2026-12-05,Baerum ishall,U8,Kongsberg,Holmen Hockey Blå,3
2026-12-05,Baerum ishall,U8,Jutul Grønn,Jar Hvit,0
2026-12-05,Baerum ishall,U8,Holmen Hockey Hvit,Frisk Asker 2,1
2026-12-05,Baerum ishall,U8,Frisk Asker 4,Kongsberg,2
2026-12-05,Baerum ishall,U8,Skien,Holmen Hockey Blå,3
2026-12-05,Baerum ishall,U8,Jutul Grønn,Frisk Asker 2,0
2026-12-05,Baerum ishall,U8,Kongsberg,Jar Hvit,1
2026-12-05,Baerum ishall,U8,Holmen Hockey Blå,Holmen Hockey Hvit,2
2026-12-05,Baerum ishall,U8,Skien,Frisk Asker 4,3
2026-12-05,Baerum ishall,U8,Jutul Grønn,Kongsberg,0
2026-12-05,Baerum ishall,U8,Frisk Asker 2,Holmen Hockey Blå,1
2026-12-05,Baerum ishall,U8,Jar Hvit,Skien,2
2026-12-05,Baerum ishall,U8,Holmen Hockey Hvit,Frisk Asker 4,3
2027-01-10,Ringerikshallen,U10,Ringerike 2,Jar Svart,0
2027-01-10,Ringerikshallen,U10,Tønsberg,Holmen Hockey Rød,1
2027-01-10,Ringerikshallen,U10,Frisk Asker 5,Frisk Asker 2,2
2027-01-10,Ringerikshallen,U10,Ringerike 2,Holmen Hockey Rød,0
2027-01-10,Ringerikshallen,U10,Frisk Asker 2,Jar Svart,1
2027-01-10,Ringerikshallen,U10,Frisk Asker 5,Tønsberg,2
2027-01-10,Ringerikshallen,U10,Ringerike 2,Frisk Asker 2,0
2027-01-10,Ringerikshallen,U10,Holmen Hockey Rød,Frisk Asker 5,1
2027-01-10,Ringerikshallen,U10,Jar Svart,Tønsberg,2
2027-01-10,Ringerikshallen,U10,Ringerike 2,Frisk Asker 5,0
2027-01-10,Ringerikshallen,U10,Tønsberg,Frisk Asker 2,1
2027-01-10,Ringerikshallen,U10,Jar Svart,Holmen Hockey Rød,2
2027-01-10,Ringerikshallen,U10,Ringerike 2,Tønsberg,0
2027-01-10,Ringerikshallen,U10,Frisk Asker 5,Jar Svart,1
2027-01-10,Ringerikshallen,U10,Frisk Asker 2,Holmen Hockey Rød,2
2026-12-12,Baerum ishall,U11,Jutul Hvit,Tønsberg Rød,0
2026-12-12,Baerum ishall,U11,Jar Blå,Jar Oransje,1
2026-12-12,Baerum ishall,U11,Kongsberg,Frisk Asker 4,2
2026-12-12,Baerum ishall,U11,Jutul Hvit,Jar Oransje,0
2026-12-12,Baerum ishall,U11,Frisk Asker 4,Tønsberg Rød,1
2026-12-12,Baerum ishall,U11,Kongsberg,Jar Blå,2
2026-12-12,Baerum ishall,U11,Jutul Hvit,Frisk Asker 4,0
2026-12-12,Baerum ishall,U11,Jar Oransje,Kongsberg,1
2026-12-12,Baerum ishall,U11,Tønsberg Rød,Jar Blå,2
2026-12-12,Baerum ishall,U11,Jutul Hvit,Kongsberg,0
2026-12-12,Baerum ishall,U11,Jar Blå,Frisk Asker 4,1
2026-12-12,Baerum ishall,U11,Tønsberg Rød,Jar Oransje,2
2026-12-12,Baerum ishall,U11,Jutul Hvit,Jar Blå,0
2026-12-12,Baerum ishall,U11,Kongsberg,Tønsberg Rød,1
2026-12-12,Baerum ishall,U11,Frisk Asker 4,Jar Oransje,2
2026-12-06,Baerum ishall,U12,Jutul Grønn,Frisk Asker 1,0
2026-12-06,Baerum ishall,U12,Jar Hvit,Tønsberg Rød,1
2026-12-06,Baerum ishall,U12,Jutul Grønn,Tønsberg Rød,0
2026-12-06,Baerum ishall,U12,Jar Hvit,Frisk Asker 1,1
2026-12-06,Baerum ishall,U12,Jutul Grønn,Jar Hvit,0
2026-12-06,Baerum ishall,U12,Tønsberg Rød,Frisk Asker 1,1
2026-11-14,Baerum ishall,U9,Jutul Gul,Ringerike 1,0
2026-11-14,Baerum ishall,U9,Frisk Asker 1,Jar Rød,1
2026-11-14,Baerum ishall,U9,Frisk Asker 4,Skien,2
2026-11-14,Baerum ishall,U9,Holmen Hockey Rød,Jar Blå,3
2026-11-14,Baerum ishall,U9,Jutul Gul,Jar Rød,0
2026-11-14,Baerum ishall,U9,Skien,Ringerike 1,1
2026-11-14,Baerum ishall,U9,Jar Blå,Frisk Asker 1,2
2026-11-14,Baerum ishall,U9,Holmen Hockey Rød,Frisk Asker 4,3
2026-11-14,Baerum ishall,U9,Jutul Gul,Skien,0
2026-11-14,Baerum ishall,U9,Jar Rød,Jar Blå,1
2026-11-14,Baerum ishall,U9,Ringerike 1,Holmen Hockey Rød,2
2026-11-14,Baerum ishall,U9,Frisk Asker 1,Frisk Asker 4,3
2026-11-14,Baerum ishall,U9,Jutul Gul,Jar Blå,0
2026-11-14,Baerum ishall,U9,Holmen Hockey Rød,Skien,1
2026-11-14,Baerum ishall,U9,Frisk Asker 4,Jar Rød,2
2026-11-14,Baerum ishall,U9,Frisk Asker 1,Ringerike 1,3
2026-11-14,Baerum ishall,U9,Jutul Gul,Holmen Hockey Rød,0
2026-11-14,Baerum ishall,U9,Jar Blå,Frisk Asker 4,1
2026-11-14,Baerum ishall,U9,Skien,Frisk Asker 1,2
2026-11-14,Baerum ishall,U9,Jar Rød,Ringerike 1,3
2026-11-14,Baerum ishall,U9,Jutul Gul,Frisk Asker 4,0
2026-11-14,Baerum ishall,U9,Frisk Asker 1,Holmen Hockey Rød,1
2026-11-14,Baerum ishall,U9,Ringerike 1,Jar Blå,2
2026-11-14,Baerum ishall,U9,Jar Rød,Skien,3
2026-11-14,Baerum ishall,U9,Jutul Gul,Frisk Asker 1,0
2026-11-14,Baerum ishall,U9,Frisk Asker 4,Ringerike 1,1
2026-11-14,Baerum ishall,U9,Holmen Hockey Rød,Jar Rød,2
2026-11-14,Baerum ishall,U9,Jar Blå,Skien,3
2026-12-13,Jarhallen,JU12,Jar,Jutul Kittens,0
2026-12-13,Jarhallen,JU12,Skien,Tønsberg,1
2026-12-13,Jarhallen,JU12,Jar,Tønsberg,0
2026-12-13,Jarhallen,JU12,Skien,Jutul Kittens,1
2026-12-13,Jarhallen,JU12,Jar,Skien,0
2026-12-13,Jarhallen,JU12,Tønsberg,Jutul Kittens,1
2026-12-12,Jarhallen,U11,Jar Hvit,Tønsberg Grå,0
2026-12-12,Jarhallen,U11,Jar Lilla,Ringerike 1,1
2026-12-12,Jarhallen,U11,Frisk Asker 1,Jutul Rød,2
2026-12-12,Jarhallen,U11,Jar Hvit,Ringerike 1,0
2026-12-12,Jarhallen,U11,Jutul Rød,Tønsberg Grå,1
2026-12-12,Jarhallen,U11,Frisk Asker 1,Jar Lilla,2
2026-12-12,Jarhallen,U11,Jar Hvit,Jutul Rød,0
2026-12-12,Jarhallen,U11,Ringerike 1,Frisk Asker 1,1
2026-12-12,Jarhallen,U11,Tønsberg Grå,Jar Lilla,2
2026-12-12,Jarhallen,U11,Jar Hvit,Frisk Asker 1,0
2026-12-12,Jarhallen,U11,Jar Lilla,Jutul Rød,1
2026-12-12,Jarhallen,U11,Tønsberg Grå,Ringerike 1,2
2026-12-12,Jarhallen,U11,Jar Hvit,Jar Lilla,0
2026-12-12,Jarhallen,U11,Frisk Asker 1,Tønsberg Grå,1
2026-12-12,Jarhallen,U11,Jutul Rød,Ringerike 1,2
2026-12-12,Kongsberghallen,U12,Kongsberg,Ringerike 1,0
2026-12-12,Kongsberghallen,U12,Holmen Hockey Rød,Tønsberg Grå,1
2026-12-12,Kongsberghallen,U12,Kongsberg,Tønsberg Grå,0
2026-12-12,Kongsberghallen,U12,Holmen Hockey Rød,Ringerike 1,1
2026-12-12,Kongsberghallen,U12,Kongsberg,Holmen Hockey Rød,0
2026-12-12,Kongsberghallen,U12,Tønsberg Grå,Ringerike 1,1
2026-12-12,Holmenkollen ishall,U7,Holmen Hockey Rød,Jutul Hvit,0
2026-12-12,Holmenkollen ishall,U7,Holmen Hockey Hvit,Jutul Grønn,1
2026-12-12,Holmenkollen ishall,U7,Jar Grønn,Jar Svart,2
2026-12-12,Holmenkollen ishall,U7,Jar Hvit,Frisk Asker 3,3
2026-12-12,Holmenkollen ishall,U7,Holmen Hockey Rød,Jutul Grønn,0
2026-12-12,Holmenkollen ishall,U7,Jar Svart,Jutul Hvit,1
2026-12-12,Holmenkollen ishall,U7,Frisk Asker 3,Holmen Hockey Hvit,2
2026-12-12,Holmenkollen ishall,U7,Jar Hvit,Jar Grønn,3
2026-12-12,Holmenkollen ishall,U7,Holmen Hockey Rød,Jar Svart,0
2026-12-12,Holmenkollen ishall,U7,Jutul Grønn,Frisk Asker 3,1
2026-12-12,Holmenkollen ishall,U7,Jutul Hvit,Jar Hvit,2
2026-12-12,Holmenkollen ishall,U7,Holmen Hockey Hvit,Jar Grønn,3
2026-12-12,Holmenkollen ishall,U7,Holmen Hockey Rød,Frisk Asker 3,0
2026-12-12,Holmenkollen ishall,U7,Jar Hvit,Jar Svart,1
2026-12-12,Holmenkollen ishall,U7,Jar Grønn,Jutul Grønn,2
2026-12-12,Holmenkollen ishall,U7,Holmen Hockey Hvit,Jutul Hvit,3
2026-12-12,Holmenkollen ishall,U7,Holmen Hockey Rød,Jar Hvit,0
2026-12-12,Holmenkollen ishall,U7,Frisk Asker 3,Jar Grønn,1
2026-12-12,Holmenkollen ishall,U7,Jar Svart,Holmen Hockey Hvit,2
2026-12-12,Holmenkollen ishall,U7,Jutul Grønn,Jutul Hvit,3
2026-12-12,Holmenkollen ishall,U7,Holmen Hockey Rød,Jar Grønn,0
2026-12-12,Holmenkollen ishall,U7,Holmen Hockey Hvit,Jar Hvit,1
2026-12-12,Holmenkollen ishall,U7,Jutul Hvit,Frisk Asker 3,2
2026-12-12,Holmenkollen ishall,U7,Jutul Grønn,Jar Svart,3
2026-12-12,Holmenkollen ishall,U7,Holmen Hockey Rød,Holmen Hockey Hvit,0
2026-12-12,Holmenkollen ishall,U7,Jar Grønn,Jutul Hvit,1
2026-12-12,Holmenkollen ishall,U7,Jar Hvit,Jutul Grønn,2
2026-12-12,Holmenkollen ishall,U7,Frisk Asker 3,Jar Svart,3
2026-12-13,Holmenkollen ishall,U10,Holmen Hockey Blå,Tønsberg,0
2026-12-13,Holmenkollen ishall,U10,Jutul Grønn,Frisk Asker 6,1
2026-12-13,Holmenkollen ishall,U10,Jar Gul,Frisk Asker 1,2
2026-12-13,Holmenkollen ishall,U10,Holmen Hockey Blå,Frisk Asker 6,0
2026-12-13,Holmenkollen ishall,U10,Frisk Asker 1,Tønsberg,1
2026-12-13,Holmenkollen ishall,U10,Jar Gul,Jutul Grønn,2
2026-12-13,Holmenkollen ishall,U10,Holmen Hockey Blå,Frisk Asker 1,0
2026-12-13,Holmenkollen ishall,U10,Frisk Asker 6,Jar Gul,1
2026-12-13,Holmenkollen ishall,U10,Tønsberg,Jutul Grønn,2
2026-12-13,Holmenkollen ishall,U10,Holmen Hockey Blå,Jar Gul,0
2026-12-13,Holmenkollen ishall,U10,Jutul Grønn,Frisk Asker 1,1
2026-12-13,Holmenkollen ishall,U10,Tønsberg,Frisk Asker 6,2
2026-12-13,Holmenkollen ishall,U10,Holmen Hockey Blå,Jutul Grønn,0
2026-12-13,Holmenkollen ishall,U10,Jar Gul,Tønsberg,1
2026-12-13,Holmenkollen ishall,U10,Frisk Asker 1,Frisk Asker 6,2
2027-01-24,Jarhallen,U11,Jar Gul,Holmen Hockey Rød,0
2027-01-24,Jarhallen,U11,Jar Oransje,Frisk Asker 1,1
2027-01-24,Jarhallen,U11,Jutul Hvit,Tønsberg Hvit,2
2027-01-24,Jarhallen,U11,Jar Gul,Frisk Asker 1,0
2027-01-24,Jarhallen,U11,Tønsberg Hvit,Holmen Hockey Rød,1
2027-01-24,Jarhallen,U11,Jutul Hvit,Jar Oransje,2
2027-01-24,Jarhallen,U11,Jar Gul,Tønsberg Hvit,0
2027-01-24,Jarhallen,U11,Frisk Asker 1,Jutul Hvit,1
2027-01-24,Jarhallen,U11,Holmen Hockey Rød,Jar Oransje,2
2027-01-24,Jarhallen,U11,Jar Gul,Jutul Hvit,0
2027-01-24,Jarhallen,U11,Jar Oransje,Tønsberg Hvit,1
2027-01-24,Jarhallen,U11,Holmen Hockey Rød,Frisk Asker 1,2
2027-01-24,Jarhallen,U11,Jar Gul,Jar Oransje,0
2027-01-24,Jarhallen,U11,Jutul Hvit,Holmen Hockey Rød,1
2027-01-24,Jarhallen,U11,Tønsberg Hvit,Frisk Asker 1,2
2027-02-13,Jarhallen,U8,Jar Svart,Jutul Rød,0
2027-02-13,Jarhallen,U8,Frisk Asker 3,Skien,1
2027-02-13,Jarhallen,U8,Kongsberg,Frisk Asker 1,2
2027-02-13,Jarhallen,U8,Jutul Hvit,Holmen Hockey Rød,3
2027-02-13,Jarhallen,U8,Jar Svart,Skien,0
2027-02-13,Jarhallen,U8,Frisk Asker 1,Jutul Rød,1
2027-02-13,Jarhallen,U8,Holmen Hockey Rød,Frisk Asker 3,2
2027-02-13,Jarhallen,U8,Jutul Hvit,Kongsberg,3
2027-02-13,Jarhallen,U8,Jar Svart,Frisk Asker 1,0
2027-02-13,Jarhallen,U8,Skien,Holmen Hockey Rød,1
2027-02-13,Jarhallen,U8,Jutul Rød,Jutul Hvit,2
2027-02-13,Jarhallen,U8,Frisk Asker 3,Kongsberg,3
2027-02-13,Jarhallen,U8,Jar Svart,Holmen Hockey Rød,0
2027-02-13,Jarhallen,U8,Jutul Hvit,Frisk Asker 1,1
2027-02-13,Jarhallen,U8,Kongsberg,Skien,2
2027-02-13,Jarhallen,U8,Frisk Asker 3,Jutul Rød,3
2027-02-13,Jarhallen,U8,Jar Svart,Jutul Hvit,0
2027-02-13,Jarhallen,U8,Holmen Hockey Rød,Kongsberg,1
2027-02-13,Jarhallen,U8,Frisk Asker 1,Frisk Asker 3,2
2027-02-13,Jarhallen,U8,Skien,Jutul Rød,3
2027-02-13,Jarhallen,U8,Jar Svart,Kongsberg,0
2027-02-13,Jarhallen,U8,Frisk Asker 3,Jutul Hvit,1
2027-02-13,Jarhallen,U8,Jutul Rød,Holmen Hockey Rød,2
2027-02-13,Jarhallen,U8,Skien,Frisk Asker 1,3
2027-02-13,Jarhallen,U8,Jar Svart,Frisk Asker 3,0
2027-02-13,Jarhallen,U8,Kongsberg,Jutul Rød,1
2027-02-13,Jarhallen,U8,Jutul Hvit,Skien,2
2027-02-13,Jarhallen,U8,Holmen Hockey Rød,Frisk Asker 1,3
2026-12-06,Holmenkollen ishall,U9,Holmen Hockey Hvit,Frisk Asker 4,0
2026-12-06,Holmenkollen ishall,U9,Skien,Jar Hvit,1
2026-12-06,Holmenkollen ishall,U9,Frisk Asker 1,Jutul Hvit,2
2026-12-06,Holmenkollen ishall,U9,Kongsberg,Jutul Rød,3
2026-12-06,Holmenkollen ishall,U9,Holmen Hockey Hvit,Jar Hvit,0
2026-12-06,Holmenkollen ishall,U9,Jutul Hvit,Frisk Asker 4,1
2026-12-06,Holmenkollen ishall,U9,Jutul Rød,Skien,2
2026-12-06,Holmenkollen ishall,U9,Kongsberg,Frisk Asker 1,3
2026-12-06,Holmenkollen ishall,U9,Holmen Hockey Hvit,Jutul Hvit,0
2026-12-06,Holmenkollen ishall,U9,Jar Hvit,Jutul Rød,1
2026-12-06,Holmenkollen ishall,U9,Frisk Asker 4,Kongsberg,2
2026-12-06,Holmenkollen ishall,U9,Skien,Frisk Asker 1,3
2026-12-06,Holmenkollen ishall,U9,Holmen Hockey Hvit,Jutul Rød,0
2026-12-06,Holmenkollen ishall,U9,Kongsberg,Jutul Hvit,1
2026-12-06,Holmenkollen ishall,U9,Frisk Asker 1,Jar Hvit,2
2026-12-06,Holmenkollen ishall,U9,Skien,Frisk Asker 4,3
2026-12-06,Holmenkollen ishall,U9,Holmen Hockey Hvit,Kongsberg,0
2026-12-06,Holmenkollen ishall,U9,Jutul Rød,Frisk Asker 1,1
2026-12-06,Holmenkollen ishall,U9,Jutul Hvit,Skien,2
2026-12-06,Holmenkollen ishall,U9,Jar Hvit,Frisk Asker 4,3
2026-12-06,Holmenkollen ishall,U9,Holmen Hockey Hvit,Frisk Asker 1,0
2026-12-06,Holmenkollen ishall,U9,Skien,Kongsberg,1
2026-12-06,Holmenkollen ishall,U9,Frisk Asker 4,Jutul Rød,2
2026-12-06,Holmenkollen ishall,U9,Jar Hvit,Jutul Hvit,3
2026-12-06,Holmenkollen ishall,U9,Holmen Hockey Hvit,Skien,0
2026-12-06,Holmenkollen ishall,U9,Frisk Asker 1,Frisk Asker 4,1
2026-12-06,Holmenkollen ishall,U9,Kongsberg,Jar Hvit,2
2026-12-06,Holmenkollen ishall,U9,Jutul Rød,Jutul Hvit,3
2026-12-06,Baerum ishall,U10,Jutul Hvit,Kongsberg,0
2026-12-06,Baerum ishall,U10,Holmen Hockey Rød,Ringerike 1,1
2026-12-06,Baerum ishall,U10,Frisk Asker 4,Jar Rød,2
2026-12-06,Baerum ishall,U10,Jutul Hvit,Ringerike 1,0
2026-12-06,Baerum ishall,U10,Jar Rød,Kongsberg,1
2026-12-06,Baerum ishall,U10,Frisk Asker 4,Holmen Hockey Rød,2
2026-12-06,Baerum ishall,U10,Jutul Hvit,Jar Rød,0
2026-12-06,Baerum ishall,U10,Ringerike 1,Frisk Asker 4,1
2026-12-06,Baerum ishall,U10,Kongsberg,Holmen Hockey Rød,2
2026-12-06,Baerum ishall,U10,Jutul Hvit,Frisk Asker 4,0
2026-12-06,Baerum ishall,U10,Holmen Hockey Rød,Jar Rød,1
2026-12-06,Baerum ishall,U10,Kongsberg,Ringerike 1,2
2026-12-06,Baerum ishall,U10,Jutul Hvit,Holmen Hockey Rød,0
2026-12-06,Baerum ishall,U10,Frisk Asker 4,Kongsberg,1
2026-12-06,Baerum ishall,U10,Jar Rød,Ringerike 1,2
2027-01-09,Varner Arena / Askerhallen,U11,Frisk Asker 1,Jar Svart,0
2027-01-09,Varner Arena / Askerhallen,U11,Sandefjord,Tønsberg Rød,1
2027-01-09,Varner Arena / Askerhallen,U11,Jar Gul,Jutul Rød,2
2027-01-09,Varner Arena / Askerhallen,U11,Frisk Asker 1,Tønsberg Rød,0
2027-01-09,Varner Arena / Askerhallen,U11,Jutul Rød,Jar Svart,1
2027-01-09,Varner Arena / Askerhallen,U11,Jar Gul,Sandefjord,2
2027-01-09,Varner Arena / Askerhallen,U11,Frisk Asker 1,Jutul Rød,0
2027-01-09,Varner Arena / Askerhallen,U11,Tønsberg Rød,Jar Gul,1
2027-01-09,Varner Arena / Askerhallen,U11,Jar Svart,Sandefjord,2
2027-01-09,Varner Arena / Askerhallen,U11,Frisk Asker 1,Jar Gul,0
2027-01-09,Varner Arena / Askerhallen,U11,Sandefjord,Jutul Rød,1
2027-01-09,Varner Arena / Askerhallen,U11,Jar Svart,Tønsberg Rød,2
2027-01-09,Varner Arena / Askerhallen,U11,Frisk Asker 1,Sandefjord,0
2027-01-09,Varner Arena / Askerhallen,U11,Jar Gul,Jar Svart,1
2027-01-09,Varner Arena / Askerhallen,U11,Jutul Rød,Tønsberg Rød,2
2027-01-24,Varner Arena / Askerhallen,U12,Frisk Asker 2,Jutul Grønn,0
2027-01-24,Varner Arena / Askerhallen,U12,Jar Svart,Holmen Hockey Hvit,1
2027-01-24,Varner Arena / Askerhallen,U12,Frisk Asker 2,Holmen Hockey Hvit,0
2027-01-24,Varner Arena / Askerhallen,U12,Jar Svart,Jutul Grønn,1
2027-01-24,Varner Arena / Askerhallen,U12,Frisk Asker 2,Jar Svart,0
2027-01-24,Varner Arena / Askerhallen,U12,Holmen Hockey Hvit,Jutul Grønn,1
2027-01-10,Varner Arena / Askerhallen,U11,Frisk Asker 3,Holmen Hockey Hvit,0
2027-01-10,Varner Arena / Askerhallen,U11,Tønsberg Hvit,Ringerike 1,1
2027-01-10,Varner Arena / Askerhallen,U11,Jar Blå,Jar Lilla,2
2027-01-10,Varner Arena / Askerhallen,U11,Frisk Asker 3,Ringerike 1,0
2027-01-10,Varner Arena / Askerhallen,U11,Jar Lilla,Holmen Hockey Hvit,1
2027-01-10,Varner Arena / Askerhallen,U11,Jar Blå,Tønsberg Hvit,2
2027-01-10,Varner Arena / Askerhallen,U11,Frisk Asker 3,Jar Lilla,0
2027-01-10,Varner Arena / Askerhallen,U11,Ringerike 1,Jar Blå,1
2027-01-10,Varner Arena / Askerhallen,U11,Holmen Hockey Hvit,Tønsberg Hvit,2
2027-01-10,Varner Arena / Askerhallen,U11,Frisk Asker 3,Jar Blå,0
2027-01-10,Varner Arena / Askerhallen,U11,Tønsberg Hvit,Jar Lilla,1
2027-01-10,Varner Arena / Askerhallen,U11,Holmen Hockey Hvit,Ringerike 1,2
2027-01-10,Varner Arena / Askerhallen,U11,Frisk Asker 3,Tønsberg Hvit,0
2027-01-10,Varner Arena / Askerhallen,U11,Jar Blå,Holmen Hockey Hvit,1
2027-01-10,Varner Arena / Askerhallen,U11,Jar Lilla,Ringerike 1,2
2026-10-11,Ringerikshallen,U12,Ringerike 1,Tønsberg Rød,0
2026-10-11,Ringerikshallen,U12,Jar Blå,Frisk Asker 2,1
2026-10-11,Ringerikshallen,U12,Ringerike 1,Frisk Asker 2,0
2026-10-11,Ringerikshallen,U12,Jar Blå,Tønsberg Rød,1
2026-10-11,Ringerikshallen,U12,Ringerike 1,Jar Blå,0
2026-10-11,Ringerikshallen,U12,Frisk Asker 2,Tønsberg Rød,1
2027-01-16,Holmenkollen ishall,U8,Holmen Hockey Sort,Frisk Asker 3,0
2027-01-16,Holmenkollen ishall,U8,Holmen Hockey Rød,Ringerike 2,1
2027-01-16,Holmenkollen ishall,U8,Jutul Gul,Kongsberg,2
2027-01-16,Holmenkollen ishall,U8,Sandefjord,Jar Svart,3
2027-01-16,Holmenkollen ishall,U8,Holmen Hockey Sort,Ringerike 2,0
2027-01-16,Holmenkollen ishall,U8,Kongsberg,Frisk Asker 3,1
2027-01-16,Holmenkollen ishall,U8,Jar Svart,Holmen Hockey Rød,2
2027-01-16,Holmenkollen ishall,U8,Sandefjord,Jutul Gul,3
2027-01-16,Holmenkollen ishall,U8,Holmen Hockey Sort,Kongsberg,0
2027-01-16,Holmenkollen ishall,U8,Ringerike 2,Jar Svart,1
2027-01-16,Holmenkollen ishall,U8,Frisk Asker 3,Sandefjord,2
2027-01-16,Holmenkollen ishall,U8,Holmen Hockey Rød,Jutul Gul,3
2027-01-16,Holmenkollen ishall,U8,Holmen Hockey Sort,Jar Svart,0
2027-01-16,Holmenkollen ishall,U8,Sandefjord,Kongsberg,1
2027-01-16,Holmenkollen ishall,U8,Jutul Gul,Ringerike 2,2
2027-01-16,Holmenkollen ishall,U8,Holmen Hockey Rød,Frisk Asker 3,3
2027-01-16,Holmenkollen ishall,U8,Holmen Hockey Sort,Sandefjord,0
2027-01-16,Holmenkollen ishall,U8,Jar Svart,Jutul Gul,1
2027-01-16,Holmenkollen ishall,U8,Kongsberg,Holmen Hockey Rød,2
2027-01-16,Holmenkollen ishall,U8,Ringerike 2,Frisk Asker 3,3
2027-01-16,Holmenkollen ishall,U8,Holmen Hockey Sort,Jutul Gul,0
2027-01-16,Holmenkollen ishall,U8,Holmen Hockey Rød,Sandefjord,1
2027-01-16,Holmenkollen ishall,U8,Frisk Asker 3,Jar Svart,2
2027-01-16,Holmenkollen ishall,U8,Ringerike 2,Kongsberg,3
2027-01-16,Holmenkollen ishall,U8,Holmen Hockey Sort,Holmen Hockey Rød,0
2027-01-16,Holmenkollen ishall,U8,Jutul Gul,Frisk Asker 3,1
2027-01-16,Holmenkollen ishall,U8,Sandefjord,Ringerike 2,2
2027-01-16,Holmenkollen ishall,U8,Jar Svart,Kongsberg,3
2027-01-10,Holmenkollen ishall,U9,Holmen Hockey Sort,Jutul Grønn,0
2027-01-10,Holmenkollen ishall,U9,Jar Blå,Skien,1
2027-01-10,Holmenkollen ishall,U9,Tønsberg,Kongsberg,2
2027-01-10,Holmenkollen ishall,U9,Frisk Asker 1,Frisk Asker 3,3
2027-01-10,Holmenkollen ishall,U9,Holmen Hockey Sort,Skien,0
2027-01-10,Holmenkollen ishall,U9,Kongsberg,Jutul Grønn,1
2027-01-10,Holmenkollen ishall,U9,Frisk Asker 3,Jar Blå,2
2027-01-10,Holmenkollen ishall,U9,Frisk Asker 1,Tønsberg,3
2027-01-10,Holmenkollen ishall,U9,Holmen Hockey Sort,Kongsberg,0
2027-01-10,Holmenkollen ishall,U9,Skien,Frisk Asker 3,1
2027-01-10,Holmenkollen ishall,U9,Jutul Grønn,Frisk Asker 1,2
2027-01-10,Holmenkollen ishall,U9,Jar Blå,Tønsberg,3
2027-01-10,Holmenkollen ishall,U9,Holmen Hockey Sort,Frisk Asker 3,0
2027-01-10,Holmenkollen ishall,U9,Frisk Asker 1,Kongsberg,1
2027-01-10,Holmenkollen ishall,U9,Tønsberg,Skien,2
2027-01-10,Holmenkollen ishall,U9,Jar Blå,Jutul Grønn,3
2027-01-10,Holmenkollen ishall,U9,Holmen Hockey Sort,Frisk Asker 1,0
2027-01-10,Holmenkollen ishall,U9,Frisk Asker 3,Tønsberg,1
2027-01-10,Holmenkollen ishall,U9,Kongsberg,Jar Blå,2
2027-01-10,Holmenkollen ishall,U9,Skien,Jutul Grønn,3
2027-01-10,Holmenkollen ishall,U9,Holmen Hockey Sort,Tønsberg,0
2027-01-10,Holmenkollen ishall,U9,Jar Blå,Frisk Asker 1,1
2027-01-10,Holmenkollen ishall,U9,Jutul Grønn,Frisk Asker 3,2
2027-01-10,Holmenkollen ishall,U9,Skien,Kongsberg,3
2027-01-10,Holmenkollen ishall,U9,Holmen Hockey Sort,Jar Blå,0
2027-01-10,Holmenkollen ishall,U9,Tønsberg,Jutul Grønn,1
2027-01-10,Holmenkollen ishall,U9,Frisk Asker 1,Skien,2
2027-01-10,Holmenkollen ishall,U9,Frisk Asker 3,Kongsberg,3
2027-01-16,Baerum ishall,JU12,Jutul Kittens,Jar,0
2027-01-16,Baerum ishall,JU12,Frisk Asker Orange,Ringerike 2,1
2027-01-16,Baerum ishall,JU12,Jutul Kittens,Ringerike 2,0
2027-01-16,Baerum ishall,JU12,Frisk Asker Orange,Jar,1
2027-01-16,Baerum ishall,JU12,Jutul Kittens,Frisk Asker Orange,0
2027-01-16,Baerum ishall,JU12,Ringerike 2,Jar,1
2027-01-16,Ringerikshallen,U11,Ringerike 2,Jutul Hvit,0
2027-01-16,Ringerikshallen,U11,Jar Grønn,Jar Svart,1
2027-01-16,Ringerikshallen,U11,Frisk Asker 4,Tønsberg Grå,2
2027-01-16,Ringerikshallen,U11,Ringerike 2,Jar Svart,0
2027-01-16,Ringerikshallen,U11,Tønsberg Grå,Jutul Hvit,1
2027-01-16,Ringerikshallen,U11,Frisk Asker 4,Jar Grønn,2
2027-01-16,Ringerikshallen,U11,Ringerike 2,Tønsberg Grå,0
2027-01-16,Ringerikshallen,U11,Jar Svart,Frisk Asker 4,1
2027-01-16,Ringerikshallen,U11,Jutul Hvit,Jar Grønn,2
2027-01-16,Ringerikshallen,U11,Ringerike 2,Frisk Asker 4,0
2027-01-16,Ringerikshallen,U11,Jar Grønn,Tønsberg Grå,1
2027-01-16,Ringerikshallen,U11,Jutul Hvit,Jar Svart,2
2027-01-16,Ringerikshallen,U11,Ringerike 2,Jar Grønn,0
2027-01-16,Ringerikshallen,U11,Frisk Asker 4,Jutul Hvit,1
2027-01-16,Ringerikshallen,U11,Tønsberg Grå,Jar Svart,2
2027-01-23,Varner Arena / Askerhallen,U12,Frisk Asker 1,Tønsberg Hvit,0
2027-01-23,Varner Arena / Askerhallen,U12,Jar Hvit,Jutul Rød,1
2027-01-23,Varner Arena / Askerhallen,U12,Frisk Asker 1,Jutul Rød,0
2027-01-23,Varner Arena / Askerhallen,U12,Jar Hvit,Tønsberg Hvit,1
2027-01-23,Varner Arena / Askerhallen,U12,Frisk Asker 1,Jar Hvit,0
2027-01-23,Varner Arena / Askerhallen,U12,Jutul Rød,Tønsberg Hvit,1
2026-11-21,Jarhallen,U8,Jar Blå,Holmen Hockey Blå,0
2026-11-21,Jarhallen,U8,Holmen Hockey Sort,Frisk Asker 3,1
2026-11-21,Jarhallen,U8,Ringerike 1,Jutul Hvit,2
2026-11-21,Jarhallen,U8,Frisk Asker 5,Skien,3
2026-11-21,Jarhallen,U8,Jar Blå,Frisk Asker 3,0
2026-11-21,Jarhallen,U8,Jutul Hvit,Holmen Hockey Blå,1
2026-11-21,Jarhallen,U8,Skien,Holmen Hockey Sort,2
2026-11-21,Jarhallen,U8,Frisk Asker 5,Ringerike 1,3
2026-11-21,Jarhallen,U8,Jar Blå,Jutul Hvit,0
2026-11-21,Jarhallen,U8,Frisk Asker 3,Skien,1
2026-11-21,Jarhallen,U8,Holmen Hockey Blå,Frisk Asker 5,2
2026-11-21,Jarhallen,U8,Holmen Hockey Sort,Ringerike 1,3
2026-11-21,Jarhallen,U8,Jar Blå,Skien,0
2026-11-21,Jarhallen,U8,Frisk Asker 5,Jutul Hvit,1
2026-11-21,Jarhallen,U8,Ringerike 1,Frisk Asker 3,2
2026-11-21,Jarhallen,U8,Holmen Hockey Sort,Holmen Hockey Blå,3
2026-11-21,Jarhallen,U8,Jar Blå,Frisk Asker 5,0
2026-11-21,Jarhallen,U8,Skien,Ringerike 1,1
2026-11-21,Jarhallen,U8,Jutul Hvit,Holmen Hockey Sort,2
2026-11-21,Jarhallen,U8,Frisk Asker 3,Holmen Hockey Blå,3
2026-11-21,Jarhallen,U8,Jar Blå,Ringerike 1,0
2026-11-21,Jarhallen,U8,Holmen Hockey Sort,Frisk Asker 5,1
2026-11-21,Jarhallen,U8,Holmen Hockey Blå,Skien,2
2026-11-21,Jarhallen,U8,Frisk Asker 3,Jutul Hvit,3
2026-11-21,Jarhallen,U8,Jar Blå,Holmen Hockey Sort,0
2026-11-21,Jarhallen,U8,Ringerike 1,Holmen Hockey Blå,1
2026-11-21,Jarhallen,U8,Frisk Asker 5,Frisk Asker 3,2
2026-11-21,Jarhallen,U8,Skien,Jutul Hvit,3
2027-01-17,Varner Arena / Askerhallen,JU12,Frisk Asker Svart,Ringerike 1,0
2027-01-17,Varner Arena / Askerhallen,JU12,Jutul/Jar Kittens,Tønsberg,1
2027-01-17,Varner Arena / Askerhallen,JU12,Frisk Asker Svart,Tønsberg,0
2027-01-17,Varner Arena / Askerhallen,JU12,Jutul/Jar Kittens,Ringerike 1,1
2027-01-17,Varner Arena / Askerhallen,JU12,Frisk Asker Svart,Jutul/Jar Kittens,0
2027-01-17,Varner Arena / Askerhallen,JU12,Tønsberg,Ringerike 1,1
2026-09-19,Baerum ishall,JU8,Jutul Kittens,Skien,0
2026-09-19,Baerum ishall,JU8,Jar,Ringerike 1,1
2026-09-19,Baerum ishall,JU8,Jar Rød,Frisk Asker,2
2026-09-19,Baerum ishall,JU8,Jutul Grønn,Skien,0
2026-09-19,Baerum ishall,JU8,Frisk Asker,Jutul Kittens,1
2026-09-19,Baerum ishall,JU8,Jar Rød,Jar,2
2026-09-19,Baerum ishall,JU8,Jutul Grønn,Ringerike 1,0
2026-09-19,Baerum ishall,JU8,Skien,Frisk Asker,1
2026-09-19,Baerum ishall,JU8,Jutul Kittens,Jar,2
2026-09-19,Baerum ishall,JU8,Jutul Grønn,Frisk Asker,0
2026-09-19,Baerum ishall,JU8,Jar Rød,Ringerike 1,1
2026-09-19,Baerum ishall,JU8,Jar,Skien,2
2026-09-19,Baerum ishall,JU8,Jutul Grønn,Jar Rød,0
2026-09-19,Baerum ishall,JU8,Frisk Asker,Jar,1
2026-09-19,Baerum ishall,JU8,Ringerike 1,Jutul Kittens,2
2026-09-19,Baerum ishall,JU8,Jutul Grønn,Jar,0
2026-09-19,Baerum ishall,JU8,Jutul Kittens,Jar Rød,1
2026-09-19,Baerum ishall,JU8,Skien,Ringerike 1,2
2026-09-19,Baerum ishall,JU8,Jutul Grønn,Jutul Kittens,0
2026-09-19,Baerum ishall,JU8,Jar Rød,Skien,1
2026-09-19,Baerum ishall,JU8,Frisk Asker,Ringerike 1,2
2026-09-19,Baerum ishall,JU8,(Pause),Jutul Grønn,
2026-09-19,Baerum ishall,JU8,(Pause),Ringerike 1,
2026-09-19,Baerum ishall,JU8,(Pause),Jar Rød,
2026-09-19,Baerum ishall,JU8,(Pause),Jutul Kittens,
2026-09-19,Baerum ishall,JU8,(Pause),Skien,
2026-09-19,Baerum ishall,JU8,(Pause),Frisk Asker,
2026-09-19,Baerum ishall,JU8,(Pause),Jar,
2027-01-17,Holmenkollen ishall,U10,Holmen Hockey Blå,Frisk Asker 6,0
2027-01-17,Holmenkollen ishall,U10,Ringerike 2,Jar Grønn,1
2027-01-17,Holmenkollen ishall,U10,Jar Blå,Jutul Hvit,2
2027-01-17,Holmenkollen ishall,U10,Holmen Hockey Blå,Jar Grønn,0
2027-01-17,Holmenkollen ishall,U10,Jutul Hvit,Frisk Asker 6,1
2027-01-17,Holmenkollen ishall,U10,Jar Blå,Ringerike 2,2
2027-01-17,Holmenkollen ishall,U10,Holmen Hockey Blå,Jutul Hvit,0
2027-01-17,Holmenkollen ishall,U10,Jar Grønn,Jar Blå,1
2027-01-17,Holmenkollen ishall,U10,Frisk Asker 6,Ringerike 2,2
2027-01-17,Holmenkollen ishall,U10,Holmen Hockey Blå,Jar Blå,0
2027-01-17,Holmenkollen ishall,U10,Ringerike 2,Jutul Hvit,1
2027-01-17,Holmenkollen ishall,U10,Frisk Asker 6,Jar Grønn,2
2027-01-17,Holmenkollen ishall,U10,Holmen Hockey Blå,Ringerike 2,0
2027-01-17,Holmenkollen ishall,U10,Jar Blå,Frisk Asker 6,1
2027-01-17,Holmenkollen ishall,U10,Jutul Hvit,Jar Grønn,2
2027-01-17,Kongsberghallen,U11,Kongsberg,Frisk Asker 2,0
2027-01-17,Kongsberghallen,U11,Jar Gul,Jutul Grønn,1
2027-01-17,Kongsberghallen,U11,Jar Rød,Jar Hvit,2
2027-01-17,Kongsberghallen,U11,Kongsberg,Jutul Grønn,0
2027-01-17,Kongsberghallen,U11,Jar Hvit,Frisk Asker 2,1
2027-01-17,Kongsberghallen,U11,Jar Rød,Jar Gul,2
2027-01-17,Kongsberghallen,U11,Kongsberg,Jar Hvit,0
2027-01-17,Kongsberghallen,U11,Jutul Grønn,Jar Rød,1
2027-01-17,Kongsberghallen,U11,Frisk Asker 2,Jar Gul,2
2027-01-17,Kongsberghallen,U11,Kongsberg,Jar Rød,0
2027-01-17,Kongsberghallen,U11,Jar Gul,Jar Hvit,1
2027-01-17,Kongsberghallen,U11,Frisk Asker 2,Jutul Grønn,2
2027-01-17,Kongsberghallen,U11,Kongsberg,Jar Gul,0
2027-01-17,Kongsberghallen,U11,Jar Rød,Frisk Asker 2,1
2027-01-17,Kongsberghallen,U11,Jar Hvit,Jutul Grønn,2
2027-01-31,Varner Arena / Askerhallen,U12,Frisk Asker 3,Jar Blå,0
2027-01-31,Varner Arena / Askerhallen,U12,Jar Rød,Ringerike 2,1
2027-01-31,Varner Arena / Askerhallen,U12,Frisk Asker 3,Ringerike 2,0
2027-01-31,Varner Arena / Askerhallen,U12,Jar Rød,Jar Blå,1
2027-01-31,Varner Arena / Askerhallen,U12,Frisk Asker 3,Jar Rød,0
2027-01-31,Varner Arena / Askerhallen,U12,Ringerike 2,Jar Blå,1
2026-11-07,Ringerikshallen,JU10,Ringerike 1,Jar Rød,0
2026-11-07,Ringerikshallen,JU10,Jar Hvit,Frisk Asker Svart,1
2026-11-07,Ringerikshallen,JU10,Frisk Asker Orange,Skien,2
2026-11-07,Ringerikshallen,JU10,Ringerike 1,Frisk Asker Svart,0
2026-11-07,Ringerikshallen,JU10,Skien,Jar Rød,1
2026-11-07,Ringerikshallen,JU10,Frisk Asker Orange,Jar Hvit,2
2026-11-07,Ringerikshallen,JU10,Ringerike 1,Skien,0
2026-11-07,Ringerikshallen,JU10,Frisk Asker Svart,Frisk Asker Orange,1
2026-11-07,Ringerikshallen,JU10,Jar Rød,Jar Hvit,2
2026-11-07,Ringerikshallen,JU10,Ringerike 1,Frisk Asker Orange,0
2026-11-07,Ringerikshallen,JU10,Jar Hvit,Skien,1
2026-11-07,Ringerikshallen,JU10,Jar Rød,Frisk Asker Svart,2
2026-11-07,Ringerikshallen,JU10,Ringerike 1,Jar Hvit,0
2026-11-07,Ringerikshallen,JU10,Frisk Asker Orange,Jar Rød,1
2026-11-07,Ringerikshallen,JU10,Skien,Frisk Asker Svart,2
2027-02-13,Baerum ishall,U9,Jutul Grønn,Jar Blå,0
2027-02-13,Baerum ishall,U9,Jutul Rød,Frisk Asker 2,1
2027-02-13,Baerum ishall,U9,Frisk Asker 5,Jar Svart,2
2027-02-13,Baerum ishall,U9,Ringerike 1,Holmen Hockey Hvit,3
2027-02-13,Baerum ishall,U9,Jutul Grønn,Frisk Asker 2,0
2027-02-13,Baerum ishall,U9,Jar Svart,Jar Blå,1
2027-02-13,Baerum ishall,U9,Holmen Hockey Hvit,Jutul Rød,2
2027-02-13,Baerum ishall,U9,Ringerike 1,Frisk Asker 5,3
2027-02-13,Baerum ishall,U9,Jutul Grønn,Jar Svart,0
2027-02-13,Baerum ishall,U9,Frisk Asker 2,Holmen Hockey Hvit,1
2027-02-13,Baerum ishall,U9,Jar Blå,Ringerike 1,2
2027-02-13,Baerum ishall,U9,Jutul Rød,Frisk Asker 5,3
2027-02-13,Baerum ishall,U9,Jutul Grønn,Holmen Hockey Hvit,0
2027-02-13,Baerum ishall,U9,Ringerike 1,Jar Svart,1
2027-02-13,Baerum ishall,U9,Frisk Asker 5,Frisk Asker 2,2
2027-02-13,Baerum ishall,U9,Jutul Rød,Jar Blå,3
2027-02-13,Baerum ishall,U9,Jutul Grønn,Ringerike 1,0
2027-02-13,Baerum ishall,U9,Holmen Hockey Hvit,Frisk Asker 5,1
2027-02-13,Baerum ishall,U9,Jar Svart,Jutul Rød,2
2027-02-13,Baerum ishall,U9,Frisk Asker 2,Jar Blå,3
2027-02-13,Baerum ishall,U9,Jutul Grønn,Frisk Asker 5,0
2027-02-13,Baerum ishall,U9,Jutul Rød,Ringerike 1,1
2027-02-13,Baerum ishall,U9,Jar Blå,Holmen Hockey Hvit,2
2027-02-13,Baerum ishall,U9,Frisk Asker 2,Jar Svart,3
2027-02-13,Baerum ishall,U9,Jutul Grønn,Jutul Rød,0
2027-02-13,Baerum ishall,U9,Frisk Asker 5,Jar Blå,1
2027-02-13,Baerum ishall,U9,Ringerike 1,Frisk Asker 2,2
2027-02-13,Baerum ishall,U9,Holmen Hockey Hvit,Jar Svart,3
2027-01-17,Baerum ishall,U10,Jutul Rød,Jar Hvit,0
2027-01-17,Baerum ishall,U10,Frisk Asker 1,Ringerike 3,1
2027-01-17,Baerum ishall,U10,Holmen Hockey Rød,Frisk Asker 4,2
2027-01-17,Baerum ishall,U10,Jutul Rød,Ringerike 3,0
2027-01-17,Baerum ishall,U10,Frisk Asker 4,Jar Hvit,1
2027-01-17,Baerum ishall,U10,Holmen Hockey Rød,Frisk Asker 1,2
2027-01-17,Baerum ishall,U10,Jutul Rød,Frisk Asker 4,0
2027-01-17,Baerum ishall,U10,Ringerike 3,Holmen Hockey Rød,1
2027-01-17,Baerum ishall,U10,Jar Hvit,Frisk Asker 1,2
2027-01-17,Baerum ishall,U10,Jutul Rød,Holmen Hockey Rød,0
2027-01-17,Baerum ishall,U10,Frisk Asker 1,Frisk Asker 4,1
2027-01-17,Baerum ishall,U10,Jar Hvit,Ringerike 3,2
2027-01-17,Baerum ishall,U10,Jutul Rød,Frisk Asker 1,0
2027-01-17,Baerum ishall,U10,Holmen Hockey Rød,Jar Hvit,1
2027-01-17,Baerum ishall,U10,Frisk Asker 4,Ringerike 3,2
2026-12-13,Baerum ishall,U7,Jutul Rød,Tønsberg,0
2026-12-13,Baerum ishall,U7,Holmen Hockey Sort,Holmen Hockey Hvit,1
2026-12-13,Baerum ishall,U7,Jar Hvit,Sandefjord,2
2026-12-13,Baerum ishall,U7,Jar Rød,Frisk Asker 1,3
2026-12-13,Baerum ishall,U7,Jutul Rød,Holmen Hockey Hvit,0
2026-12-13,Baerum ishall,U7,Sandefjord,Tønsberg,1
2026-12-13,Baerum ishall,U7,Frisk Asker 1,Holmen Hockey Sort,2
2026-12-13,Baerum ishall,U7,Jar Rød,Jar Hvit,3
2026-12-13,Baerum ishall,U7,Jutul Rød,Sandefjord,0
2026-12-13,Baerum ishall,U7,Holmen Hockey Hvit,Frisk Asker 1,1
2026-12-13,Baerum ishall,U7,Tønsberg,Jar Rød,2
2026-12-13,Baerum ishall,U7,Holmen Hockey Sort,Jar Hvit,3
2026-12-13,Baerum ishall,U7,Jutul Rød,Frisk Asker 1,0
2026-12-13,Baerum ishall,U7,Jar Rød,Sandefjord,1
2026-12-13,Baerum ishall,U7,Jar Hvit,Holmen Hockey Hvit,2
2026-12-13,Baerum ishall,U7,Holmen Hockey Sort,Tønsberg,3
2026-12-13,Baerum ishall,U7,Jutul Rød,Jar Rød,0
2026-12-13,Baerum ishall,U7,Frisk Asker 1,Jar Hvit,1
2026-12-13,Baerum ishall,U7,Sandefjord,Holmen Hockey Sort,2
2026-12-13,Baerum ishall,U7,Holmen Hockey Hvit,Tønsberg,3
2026-12-13,Baerum ishall,U7,Jutul Rød,Jar Hvit,0
2026-12-13,Baerum ishall,U7,Holmen Hockey Sort,Jar Rød,1
2026-12-13,Baerum ishall,U7,Tønsberg,Frisk Asker 1,2
2026-12-13,Baerum ishall,U7,Holmen Hockey Hvit,Sandefjord,3
2026-12-13,Baerum ishall,U7,Jutul Rød,Holmen Hockey Sort,0
2026-12-13,Baerum ishall,U7,Jar Hvit,Tønsberg,1
2026-12-13,Baerum ishall,U7,Jar Rød,Holmen Hockey Hvit,2
2026-12-13,Baerum ishall,U7,Frisk Asker 1,Sandefjord,3
2026-10-11,Holmenkollen ishall,U8,Holmen Hockey Hvit,Ringerike 1,0
2026-10-11,Holmenkollen ishall,U8,Tønsberg,Sandefjord,1
2026-10-11,Holmenkollen ishall,U8,Frisk Asker 4,Jutul Hvit,2
2026-10-11,Holmenkollen ishall,U8,Jar Hvit,Jutul Rød,3
2026-10-11,Holmenkollen ishall,U8,Holmen Hockey Hvit,Sandefjord,0
2026-10-11,Holmenkollen ishall,U8,Jutul Hvit,Ringerike 1,1
2026-10-11,Holmenkollen ishall,U8,Jutul Rød,Tønsberg,2
2026-10-11,Holmenkollen ishall,U8,Jar Hvit,Frisk Asker 4,3
2026-10-11,Holmenkollen ishall,U8,Holmen Hockey Hvit,Jutul Hvit,0
2026-10-11,Holmenkollen ishall,U8,Sandefjord,Jutul Rød,1
2026-10-11,Holmenkollen ishall,U8,Ringerike 1,Jar Hvit,2
2026-10-11,Holmenkollen ishall,U8,Tønsberg,Frisk Asker 4,3
2026-10-11,Holmenkollen ishall,U8,Holmen Hockey Hvit,Jutul Rød,0
2026-10-11,Holmenkollen ishall,U8,Jar Hvit,Jutul Hvit,1
2026-10-11,Holmenkollen ishall,U8,Frisk Asker 4,Sandefjord,2
2026-10-11,Holmenkollen ishall,U8,Tønsberg,Ringerike 1,3
2026-10-11,Holmenkollen ishall,U8,Holmen Hockey Hvit,Jar Hvit,0
2026-10-11,Holmenkollen ishall,U8,Jutul Rød,Frisk Asker 4,1
2026-10-11,Holmenkollen ishall,U8,Jutul Hvit,Tønsberg,2
2026-10-11,Holmenkollen ishall,U8,Sandefjord,Ringerike 1,3
2026-10-11,Holmenkollen ishall,U8,Holmen Hockey Hvit,Frisk Asker 4,0
2026-10-11,Holmenkollen ishall,U8,Tønsberg,Jar Hvit,1
2026-10-11,Holmenkollen ishall,U8,Ringerike 1,Jutul Rød,2
2026-10-11,Holmenkollen ishall,U8,Sandefjord,Jutul Hvit,3
2026-10-11,Holmenkollen ishall,U8,Holmen Hockey Hvit,Tønsberg,0
2026-10-11,Holmenkollen ishall,U8,Frisk Asker 4,Ringerike 1,1
2026-10-11,Holmenkollen ishall,U8,Jar Hvit,Sandefjord,2
2026-10-11,Holmenkollen ishall,U8,Jutul Rød,Jutul Hvit,3
2026-12-05,Ringerikshallen,JU10,Ringerike 1,Frisk Asker Orange,0
2026-12-05,Ringerikshallen,JU10,Jar Hvit,Jar Blå,1
2026-12-05,Ringerikshallen,JU10,Jar Rød,Frisk Asker Svart,2
2026-12-05,Ringerikshallen,JU10,Ringerike 1,Jar Blå,0
2026-12-05,Ringerikshallen,JU10,Frisk Asker Svart,Frisk Asker Orange,1
2026-12-05,Ringerikshallen,JU10,Jar Rød,Jar Hvit,2
2026-12-05,Ringerikshallen,JU10,Ringerike 1,Frisk Asker Svart,0
2026-12-05,Ringerikshallen,JU10,Jar Blå,Jar Rød,1
2026-12-05,Ringerikshallen,JU10,Frisk Asker Orange,Jar Hvit,2
2026-12-05,Ringerikshallen,JU10,Ringerike 1,Jar Rød,0
2026-12-05,Ringerikshallen,JU10,Jar Hvit,Frisk Asker Svart,1
2026-12-05,Ringerikshallen,JU10,Frisk Asker Orange,Jar Blå,2
2026-12-05,Ringerikshallen,JU10,Ringerike 1,Jar Hvit,0
2026-12-05,Ringerikshallen,JU10,Jar Rød,Frisk Asker Orange,1
2026-12-05,Ringerikshallen,JU10,Frisk Asker Svart,Jar Blå,2
2026-09-06,Baerum ishall,U10,Jutul Hvit,Kongsberg,0
2026-09-06,Baerum ishall,U10,Holmen Hockey Hvit,Frisk Asker 4,1
2026-09-06,Baerum ishall,U10,Jar Svart,Jar Gul,2
2026-09-06,Baerum ishall,U10,Jutul Hvit,Frisk Asker 4,0
2026-09-06,Baerum ishall,U10,Jar Gul,Kongsberg,1
2026-09-06,Baerum ishall,U10,Jar Svart,Holmen Hockey Hvit,2
2026-09-06,Baerum ishall,U10,Jutul Hvit,Jar Gul,0
2026-09-06,Baerum ishall,U10,Frisk Asker 4,Jar Svart,1
2026-09-06,Baerum ishall,U10,Kongsberg,Holmen Hockey Hvit,2
2026-09-06,Baerum ishall,U10,Jutul Hvit,Jar Svart,0
2026-09-06,Baerum ishall,U10,Holmen Hockey Hvit,Jar Gul,1
2026-09-06,Baerum ishall,U10,Kongsberg,Frisk Asker 4,2
2026-09-06,Baerum ishall,U10,Jutul Hvit,Holmen Hockey Hvit,0
2026-09-06,Baerum ishall,U10,Jar Svart,Kongsberg,1
2026-09-06,Baerum ishall,U10,Jar Gul,Frisk Asker 4,2
2027-02-27,Varner Arena / Askerhallen,U9,Frisk Asker 5,Sandefjord,0
2027-02-27,Varner Arena / Askerhallen,U9,Frisk Asker 2,Jar Hvit,1
2027-02-27,Varner Arena / Askerhallen,U9,Tønsberg,Jutul Hvit,2
2027-02-27,Varner Arena / Askerhallen,U9,Jar Rød,Skien,3
2027-02-27,Varner Arena / Askerhallen,U9,Frisk Asker 5,Jar Hvit,0
2027-02-27,Varner Arena / Askerhallen,U9,Jutul Hvit,Sandefjord,1
2027-02-27,Varner Arena / Askerhallen,U9,Skien,Frisk Asker 2,2
2027-02-27,Varner Arena / Askerhallen,U9,Jar Rød,Tønsberg,3
2027-02-27,Varner Arena / Askerhallen,U9,Frisk Asker 5,Jutul Hvit,0
2027-02-27,Varner Arena / Askerhallen,U9,Jar Hvit,Skien,1
2027-02-27,Varner Arena / Askerhallen,U9,Sandefjord,Jar Rød,2
2027-02-27,Varner Arena / Askerhallen,U9,Frisk Asker 2,Tønsberg,3
2027-02-27,Varner Arena / Askerhallen,U9,Frisk Asker 5,Skien,0
2027-02-27,Varner Arena / Askerhallen,U9,Jar Rød,Jutul Hvit,1
2027-02-27,Varner Arena / Askerhallen,U9,Tønsberg,Jar Hvit,2
2027-02-27,Varner Arena / Askerhallen,U9,Frisk Asker 2,Sandefjord,3
2027-02-27,Varner Arena / Askerhallen,U9,Frisk Asker 5,Jar Rød,0
2027-02-27,Varner Arena / Askerhallen,U9,Skien,Tønsberg,1
2027-02-27,Varner Arena / Askerhallen,U9,Jutul Hvit,Frisk Asker 2,2
2027-02-27,Varner Arena / Askerhallen,U9,Jar Hvit,Sandefjord,3
2027-02-27,Varner Arena / Askerhallen,U9,Frisk Asker 5,Tønsberg,0
2027-02-27,Varner Arena / Askerhallen,U9,Frisk Asker 2,Jar Rød,1
2027-02-27,Varner Arena / Askerhallen,U9,Sandefjord,Skien,2
2027-02-27,Varner Arena / Askerhallen,U9,Jar Hvit,Jutul Hvit,3
2027-02-27,Varner Arena / Askerhallen,U9,Frisk Asker 5,Frisk Asker 2,0
2027-02-27,Varner Arena / Askerhallen,U9,Tønsberg,Sandefjord,1
2027-02-27,Varner Arena / Askerhallen,U9,Jar Rød,Jar Hvit,2
2027-02-27,Varner Arena / Askerhallen,U9,Skien,Jutul Hvit,3
2027-02-06,Holmenkollen ishall,U10,Holmen Hockey Hvit,Jutul Hvit,0
2027-02-06,Holmenkollen ishall,U10,Holmen Hockey Sort,Ringerike 3,1
2027-02-06,Holmenkollen ishall,U10,Jar Gul,Frisk Asker 5,2
2027-02-06,Holmenkollen ishall,U10,Holmen Hockey Hvit,Ringerike 3,0
2027-02-06,Holmenkollen ishall,U10,Frisk Asker 5,Jutul Hvit,1
2027-02-06,Holmenkollen ishall,U10,Jar Gul,Holmen Hockey Sort,2
2027-02-06,Holmenkollen ishall,U10,Holmen Hockey Hvit,Frisk Asker 5,0
2027-02-06,Holmenkollen ishall,U10,Ringerike 3,Jar Gul,1
2027-02-06,Holmenkollen ishall,U10,Jutul Hvit,Holmen Hockey Sort,2
2027-02-06,Holmenkollen ishall,U10,Holmen Hockey Hvit,Jar Gul,0
2027-02-06,Holmenkollen ishall,U10,Holmen Hockey Sort,Frisk Asker 5,1
2027-02-06,Holmenkollen ishall,U10,Jutul Hvit,Ringerike 3,2
2027-02-06,Holmenkollen ishall,U10,Holmen Hockey Hvit,Holmen Hockey Sort,0
2027-02-06,Holmenkollen ishall,U10,Jar Gul,Jutul Hvit,1
2027-02-06,Holmenkollen ishall,U10,Frisk Asker 5,Ringerike 3,2
2026-11-21,Holmenkollen ishall,U9,Holmen Hockey Sort,Jar Svart,0
2026-11-21,Holmenkollen ishall,U9,Jutul Hvit,Ringerike 1,1
2026-11-21,Holmenkollen ishall,U9,Frisk Asker 4,Skien,2
2026-11-21,Holmenkollen ishall,U9,Frisk Asker 5,Jar Blå,3
2026-11-21,Holmenkollen ishall,U9,Holmen Hockey Sort,Ringerike 1,0
2026-11-21,Holmenkollen ishall,U9,Skien,Jar Svart,1
2026-11-21,Holmenkollen ishall,U9,Jar Blå,Jutul Hvit,2
2026-11-21,Holmenkollen ishall,U9,Frisk Asker 5,Frisk Asker 4,3
2026-11-21,Holmenkollen ishall,U9,Holmen Hockey Sort,Skien,0
2026-11-21,Holmenkollen ishall,U9,Ringerike 1,Jar Blå,1
2026-11-21,Holmenkollen ishall,U9,Jar Svart,Frisk Asker 5,2
2026-11-21,Holmenkollen ishall,U9,Jutul Hvit,Frisk Asker 4,3
2026-11-21,Holmenkollen ishall,U9,Holmen Hockey Sort,Jar Blå,0
2026-11-21,Holmenkollen ishall,U9,Frisk Asker 5,Skien,1
2026-11-21,Holmenkollen ishall,U9,Frisk Asker 4,Ringerike 1,2
2026-11-21,Holmenkollen ishall,U9,Jutul Hvit,Jar Svart,3
2026-11-21,Holmenkollen ishall,U9,Holmen Hockey Sort,Frisk Asker 5,0
2026-11-21,Holmenkollen ishall,U9,Jar Blå,Frisk Asker 4,1
2026-11-21,Holmenkollen ishall,U9,Skien,Jutul Hvit,2
2026-11-21,Holmenkollen ishall,U9,Ringerike 1,Jar Svart,3
2026-11-21,Holmenkollen ishall,U9,Holmen Hockey Sort,Frisk Asker 4,0
2026-11-21,Holmenkollen ishall,U9,Jutul Hvit,Frisk Asker 5,1
2026-11-21,Holmenkollen ishall,U9,Jar Svart,Jar Blå,2
2026-11-21,Holmenkollen ishall,U9,Ringerike 1,Skien,3
2026-11-21,Holmenkollen ishall,U9,Holmen Hockey Sort,Jutul Hvit,0
2026-11-21,Holmenkollen ishall,U9,Frisk Asker 4,Jar Svart,1
2026-11-21,Holmenkollen ishall,U9,Frisk Asker 5,Ringerike 1,2
2026-11-21,Holmenkollen ishall,U9,Jar Blå,Skien,3
2026-11-28,Varner Arena / Askerhallen,JU8,Jutul Grønn,Jar Rød,0
2026-11-28,Varner Arena / Askerhallen,JU8,Jutul Kittens,Skien,1
2026-11-28,Varner Arena / Askerhallen,JU8,Jar,Ringerike 1,2
2026-11-28,Varner Arena / Askerhallen,JU8,Frisk Asker,Jar Rød,0
2026-11-28,Varner Arena / Askerhallen,JU8,Ringerike 1,Jutul Grønn,1
2026-11-28,Varner Arena / Askerhallen,JU8,Jar,Jutul Kittens,2
2026-11-28,Varner Arena / Askerhallen,JU8,Frisk Asker,Skien,0
2026-11-28,Varner Arena / Askerhallen,JU8,Jar Rød,Ringerike 1,1
2026-11-28,Varner Arena / Askerhallen,JU8,Jutul Grønn,Jutul Kittens,2
2026-11-28,Varner Arena / Askerhallen,JU8,Frisk Asker,Ringerike 1,0
2026-11-28,Varner Arena / Askerhallen,JU8,Jar,Skien,1
2026-11-28,Varner Arena / Askerhallen,JU8,Jutul Kittens,Jar Rød,2
2026-11-28,Varner Arena / Askerhallen,JU8,Frisk Asker,Jar,0
2026-11-28,Varner Arena / Askerhallen,JU8,Ringerike 1,Jutul Kittens,1
2026-11-28,Varner Arena / Askerhallen,JU8,Skien,Jutul Grønn,2
2026-11-28,Varner Arena / Askerhallen,JU8,Frisk Asker,Jutul Kittens,0
2026-11-28,Varner Arena / Askerhallen,JU8,Jutul Grønn,Jar,1
2026-11-28,Varner Arena / Askerhallen,JU8,Jar Rød,Skien,2
2026-11-28,Varner Arena / Askerhallen,JU8,Frisk Asker,Jutul Grønn,0
2026-11-28,Varner Arena / Askerhallen,JU8,Jar,Jar Rød,1
2026-11-28,Varner Arena / Askerhallen,JU8,Ringerike 1,Skien,2
2026-11-28,Varner Arena / Askerhallen,JU8,(Pause),Frisk Asker,
2026-11-28,Varner Arena / Askerhallen,JU8,(Pause),Skien,
2026-11-28,Varner Arena / Askerhallen,JU8,(Pause),Jar,
2026-11-28,Varner Arena / Askerhallen,JU8,(Pause),Jutul Grønn,
2026-11-28,Varner Arena / Askerhallen,JU8,(Pause),Jar Rød,
2026-11-28,Varner Arena / Askerhallen,JU8,(Pause),Ringerike 1,
2026-11-28,Varner Arena / Askerhallen,JU8,(Pause),Jutul Kittens,
2027-02-07,Baerum ishall,U10,Jutul Rød,Frisk Asker 6,0
2027-02-07,Baerum ishall,U10,Jar Svart,Jar Blå,1
2027-02-07,Baerum ishall,U10,Frisk Asker 1,Ringerike 1,2
2027-02-07,Baerum ishall,U10,Jutul Rød,Jar Blå,0
2027-02-07,Baerum ishall,U10,Ringerike 1,Frisk Asker 6,1
2027-02-07,Baerum ishall,U10,Frisk Asker 1,Jar Svart,2
2027-02-07,Baerum ishall,U10,Jutul Rød,Ringerike 1,0
2027-02-07,Baerum ishall,U10,Jar Blå,Frisk Asker 1,1
2027-02-07,Baerum ishall,U10,Frisk Asker 6,Jar Svart,2
2027-02-07,Baerum ishall,U10,Jutul Rød,Frisk Asker 1,0
2027-02-07,Baerum ishall,U10,Jar Svart,Ringerike 1,1
2027-02-07,Baerum ishall,U10,Frisk Asker 6,Jar Blå,2
2027-02-07,Baerum ishall,U10,Jutul Rød,Jar Svart,0
2027-02-07,Baerum ishall,U10,Frisk Asker 1,Frisk Asker 6,1
2027-02-07,Baerum ishall,U10,Ringerike 1,Jar Blå,2
2027-02-13,Holmenkollen ishall,U10,Holmen Hockey Blå,Frisk Asker 4,0
2027-02-13,Holmenkollen ishall,U10,Jar Hvit,Jutul Grønn,1
2027-02-13,Holmenkollen ishall,U10,Frisk Asker 5,Ringerike 4,2
2027-02-13,Holmenkollen ishall,U10,Holmen Hockey Blå,Jutul Grønn,0
2027-02-13,Holmenkollen ishall,U10,Ringerike 4,Frisk Asker 4,1
2027-02-13,Holmenkollen ishall,U10,Frisk Asker 5,Jar Hvit,2
2027-02-13,Holmenkollen ishall,U10,Holmen Hockey Blå,Ringerike 4,0
2027-02-13,Holmenkollen ishall,U10,Jutul Grønn,Frisk Asker 5,1
2027-02-13,Holmenkollen ishall,U10,Frisk Asker 4,Jar Hvit,2
2027-02-13,Holmenkollen ishall,U10,Holmen Hockey Blå,Frisk Asker 5,0
2027-02-13,Holmenkollen ishall,U10,Jar Hvit,Ringerike 4,1
2027-02-13,Holmenkollen ishall,U10,Frisk Asker 4,Jutul Grønn,2
2027-02-13,Holmenkollen ishall,U10,Holmen Hockey Blå,Jar Hvit,0
2027-02-13,Holmenkollen ishall,U10,Frisk Asker 5,Frisk Asker 4,1
2027-02-13,Holmenkollen ishall,U10,Ringerike 4,Jutul Grønn,2
2027-01-30,Holmenkollen ishall,U8,Holmen Hockey Rød,Frisk Asker 4,0
2027-01-30,Holmenkollen ishall,U8,Frisk Asker 1,Jar Blå,1
2027-01-30,Holmenkollen ishall,U8,Tønsberg,Jutul Grønn,2
2027-01-30,Holmenkollen ishall,U8,Jutul Gul,Jar Hvit,3
2027-01-30,Holmenkollen ishall,U8,Holmen Hockey Rød,Jar Blå,0
2027-01-30,Holmenkollen ishall,U8,Jutul Grønn,Frisk Asker 4,1
2027-01-30,Holmenkollen ishall,U8,Jar Hvit,Frisk Asker 1,2
2027-01-30,Holmenkollen ishall,U8,Jutul Gul,Tønsberg,3
2027-01-30,Holmenkollen ishall,U8,Holmen Hockey Rød,Jutul Grønn,0
2027-01-30,Holmenkollen ishall,U8,Jar Blå,Jar Hvit,1
2027-01-30,Holmenkollen ishall,U8,Frisk Asker 4,Jutul Gul,2
2027-01-30,Holmenkollen ishall,U8,Frisk Asker 1,Tønsberg,3
2027-01-30,Holmenkollen ishall,U8,Holmen Hockey Rød,Jar Hvit,0
2027-01-30,Holmenkollen ishall,U8,Jutul Gul,Jutul Grønn,1
2027-01-30,Holmenkollen ishall,U8,Tønsberg,Jar Blå,2
2027-01-30,Holmenkollen ishall,U8,Frisk Asker 1,Frisk Asker 4,3
2027-01-30,Holmenkollen ishall,U8,Holmen Hockey Rød,Jutul Gul,0
2027-01-30,Holmenkollen ishall,U8,Jar Hvit,Tønsberg,1
2027-01-30,Holmenkollen ishall,U8,Jutul Grønn,Frisk Asker 1,2
2027-01-30,Holmenkollen ishall,U8,Jar Blå,Frisk Asker 4,3
2027-01-30,Holmenkollen ishall,U8,Holmen Hockey Rød,Tønsberg,0
2027-01-30,Holmenkollen ishall,U8,Frisk Asker 1,Jutul Gul,1
2027-01-30,Holmenkollen ishall,U8,Frisk Asker 4,Jar Hvit,2
2027-01-30,Holmenkollen ishall,U8,Jar Blå,Jutul Grønn,3
2027-01-30,Holmenkollen ishall,U8,Holmen Hockey Rød,Frisk Asker 1,0
2027-01-30,Holmenkollen ishall,U8,Tønsberg,Frisk Asker 4,1
2027-01-30,Holmenkollen ishall,U8,Jutul Gul,Jar Blå,2
2027-01-30,Holmenkollen ishall,U8,Jar Hvit,Jutul Grønn,3
2026-10-18,Baerum ishall,U9,Jutul Grønn,Frisk Asker 5,0
2026-10-18,Baerum ishall,U9,Jutul Gul,Holmen Hockey Hvit,1
2026-10-18,Baerum ishall,U9,Jar Rød,Jar Hvit,2
2026-10-18,Baerum ishall,U9,Holmen Hockey Sort,Frisk Asker 3,3
2026-10-18,Baerum ishall,U9,Jutul Grønn,Holmen Hockey Hvit,0
2026-10-18,Baerum ishall,U9,Jar Hvit,Frisk Asker 5,1
2026-10-18,Baerum ishall,U9,Frisk Asker 3,Jutul Gul,2
2026-10-18,Baerum ishall,U9,Holmen Hockey Sort,Jar Rød,3
2026-10-18,Baerum ishall,U9,Jutul Grønn,Jar Hvit,0
2026-10-18,Baerum ishall,U9,Holmen Hockey Hvit,Frisk Asker 3,1
2026-10-18,Baerum ishall,U9,Frisk Asker 5,Holmen Hockey Sort,2
2026-10-18,Baerum ishall,U9,Jutul Gul,Jar Rød,3
2026-10-18,Baerum ishall,U9,Jutul Grønn,Frisk Asker 3,0
2026-10-18,Baerum ishall,U9,Holmen Hockey Sort,Jar Hvit,1
2026-10-18,Baerum ishall,U9,Jar Rød,Holmen Hockey Hvit,2
2026-10-18,Baerum ishall,U9,Jutul Gul,Frisk Asker 5,3
2026-10-18,Baerum ishall,U9,Jutul Grønn,Holmen Hockey Sort,0
2026-10-18,Baerum ishall,U9,Frisk Asker 3,Jar Rød,1
2026-10-18,Baerum ishall,U9,Jar Hvit,Jutul Gul,2
2026-10-18,Baerum ishall,U9,Holmen Hockey Hvit,Frisk Asker 5,3
2026-10-18,Baerum ishall,U9,Jutul Grønn,Jar Rød,0
2026-10-18,Baerum ishall,U9,Jutul Gul,Holmen Hockey Sort,1
2026-10-18,Baerum ishall,U9,Frisk Asker 5,Frisk Asker 3,2
2026-10-18,Baerum ishall,U9,Holmen Hockey Hvit,Jar Hvit,3
2026-10-18,Baerum ishall,U9,Jutul Grønn,Jutul Gul,0
2026-10-18,Baerum ishall,U9,Jar Rød,Frisk Asker 5,1
2026-10-18,Baerum ishall,U9,Holmen Hockey Sort,Holmen Hockey Hvit,2
2026-10-18,Baerum ishall,U9,Frisk Asker 3,Jar Hvit,3
2027-01-31,Holmenkollen ishall,U7,Holmen Hockey Hvit,Jar Svart,0
2027-01-31,Holmenkollen ishall,U7,Frisk Asker 2,Jar Rød,1
2027-01-31,Holmenkollen ishall,U7,Jar Hvit,Tønsberg,2
2027-01-31,Holmenkollen ishall,U7,Jutul Grønn,Frisk Asker 3,3
2027-01-31,Holmenkollen ishall,U7,Holmen Hockey Hvit,Jar Rød,0
2027-01-31,Holmenkollen ishall,U7,Tønsberg,Jar Svart,1
2027-01-31,Holmenkollen ishall,U7,Frisk Asker 3,Frisk Asker 2,2
2027-01-31,Holmenkollen ishall,U7,Jutul Grønn,Jar Hvit,3
2027-01-31,Holmenkollen ishall,U7,Holmen Hockey Hvit,Tønsberg,0
2027-01-31,Holmenkollen ishall,U7,Jar Rød,Frisk Asker 3,1
2027-01-31,Holmenkollen ishall,U7,Jar Svart,Jutul Grønn,2
2027-01-31,Holmenkollen ishall,U7,Frisk Asker 2,Jar Hvit,3
2027-01-31,Holmenkollen ishall,U7,Holmen Hockey Hvit,Frisk Asker 3,0
2027-01-31,Holmenkollen ishall,U7,Jutul Grønn,Tønsberg,1
2027-01-31,Holmenkollen ishall,U7,Jar Hvit,Jar Rød,2
2027-01-31,Holmenkollen ishall,U7,Frisk Asker 2,Jar Svart,3
2027-01-31,Holmenkollen ishall,U7,Holmen Hockey Hvit,Jutul Grønn,0
2027-01-31,Holmenkollen ishall,U7,Frisk Asker 3,Jar Hvit,1
2027-01-31,Holmenkollen ishall,U7,Tønsberg,Frisk Asker 2,2
2027-01-31,Holmenkollen ishall,U7,Jar Rød,Jar Svart,3
2027-01-31,Holmenkollen ishall,U7,Holmen Hockey Hvit,Jar Hvit,0
2027-01-31,Holmenkollen ishall,U7,Frisk Asker 2,Jutul Grønn,1
2027-01-31,Holmenkollen ishall,U7,Jar Svart,Frisk Asker 3,2
2027-01-31,Holmenkollen ishall,U7,Jar Rød,Tønsberg,3
2027-01-31,Holmenkollen ishall,U7,Holmen Hockey Hvit,Frisk Asker 2,0
2027-01-31,Holmenkollen ishall,U7,Jar Hvit,Jar Svart,1
2027-01-31,Holmenkollen ishall,U7,Jutul Grønn,Jar Rød,2
2027-01-31,Holmenkollen ishall,U7,Frisk Asker 3,Tønsberg,3
2026-10-31,Holmenkollen ishall,U10,Holmen Hockey Sort,Tønsberg,0
2026-10-31,Holmenkollen ishall,U10,Kongsberg,Ringerike 2,1
2026-10-31,Holmenkollen ishall,U10,Jar Hvit,Jar Blå,2
2026-10-31,Holmenkollen ishall,U10,Holmen Hockey Sort,Ringerike 2,0
2026-10-31,Holmenkollen ishall,U10,Jar Blå,Tønsberg,1
2026-10-31,Holmenkollen ishall,U10,Jar Hvit,Kongsberg,2
2026-10-31,Holmenkollen ishall,U10,Holmen Hockey Sort,Jar Blå,0
2026-10-31,Holmenkollen ishall,U10,Ringerike 2,Jar Hvit,1
2026-10-31,Holmenkollen ishall,U10,Tønsberg,Kongsberg,2
2026-10-31,Holmenkollen ishall,U10,Holmen Hockey Sort,Jar Hvit,0
2026-10-31,Holmenkollen ishall,U10,Kongsberg,Jar Blå,1
2026-10-31,Holmenkollen ishall,U10,Tønsberg,Ringerike 2,2
2026-10-31,Holmenkollen ishall,U10,Holmen Hockey Sort,Kongsberg,0
2026-10-31,Holmenkollen ishall,U10,Jar Hvit,Tønsberg,1
2026-10-31,Holmenkollen ishall,U10,Jar Blå,Ringerike 2,2
2027-03-13,Ringerikshallen,U8,Ringerike 2,Jar Svart,0
2027-03-13,Ringerikshallen,U8,Sandefjord,Jutul Grønn,1
2027-03-13,Ringerikshallen,U8,Frisk Asker 5,Skien,2
2027-03-13,Ringerikshallen,U8,Jutul Hvit,Holmen Hockey Hvit,3
2027-03-13,Ringerikshallen,U8,Ringerike 2,Jutul Grønn,0
2027-03-13,Ringerikshallen,U8,Skien,Jar Svart,1
2027-03-13,Ringerikshallen,U8,Holmen Hockey Hvit,Sandefjord,2
2027-03-13,Ringerikshallen,U8,Jutul Hvit,Frisk Asker 5,3
2027-03-13,Ringerikshallen,U8,Ringerike 2,Skien,0
2027-03-13,Ringerikshallen,U8,Jutul Grønn,Holmen Hockey Hvit,1
2027-03-13,Ringerikshallen,U8,Jar Svart,Jutul Hvit,2
2027-03-13,Ringerikshallen,U8,Sandefjord,Frisk Asker 5,3
2027-03-13,Ringerikshallen,U8,Ringerike 2,Holmen Hockey Hvit,0
2027-03-13,Ringerikshallen,U8,Jutul Hvit,Skien,1
2027-03-13,Ringerikshallen,U8,Frisk Asker 5,Jutul Grønn,2
2027-03-13,Ringerikshallen,U8,Sandefjord,Jar Svart,3
2027-03-13,Ringerikshallen,U8,Ringerike 2,Jutul Hvit,0
2027-03-13,Ringerikshallen,U8,Holmen Hockey Hvit,Frisk Asker 5,1
2027-03-13,Ringerikshallen,U8,Skien,Sandefjord,2
2027-03-13,Ringerikshallen,U8,Jutul Grønn,Jar Svart,3
2027-03-13,Ringerikshallen,U8,Ringerike 2,Frisk Asker 5,0
2027-03-13,Ringerikshallen,U8,Sandefjord,Jutul Hvit,1
2027-03-13,Ringerikshallen,U8,Jar Svart,Holmen Hockey Hvit,2
2027-03-13,Ringerikshallen,U8,Jutul Grønn,Skien,3
2027-03-13,Ringerikshallen,U8,Ringerike 2,Sandefjord,0
2027-03-13,Ringerikshallen,U8,Frisk Asker 5,Jar Svart,1
2027-03-13,Ringerikshallen,U8,Jutul Hvit,Jutul Grønn,2
2027-03-13,Ringerikshallen,U8,Holmen Hockey Hvit,Skien,3
2026-12-13,Baerum ishall,U9,Jutul Gul,Jar Svart,0
2026-12-13,Baerum ishall,U9,Jutul Grønn,Frisk Asker 2,1
2026-12-13,Baerum ishall,U9,Tønsberg,Frisk Asker 4,2
2026-12-13,Baerum ishall,U9,Jutul Gul,Frisk Asker 2,0
2026-12-13,Baerum ishall,U9,Frisk Asker 4,Jar Svart,1
2026-12-13,Baerum ishall,U9,Tønsberg,Jutul Grønn,2
2026-12-13,Baerum ishall,U9,Jutul Gul,Frisk Asker 4,0
2026-12-13,Baerum ishall,U9,Frisk Asker 2,Tønsberg,1
2026-12-13,Baerum ishall,U9,Jar Svart,Jutul Grønn,2
2026-12-13,Baerum ishall,U9,Jutul Gul,Tønsberg,0
2026-12-13,Baerum ishall,U9,Jutul Grønn,Frisk Asker 4,1
2026-12-13,Baerum ishall,U9,Jar Svart,Frisk Asker 2,2
2026-12-13,Baerum ishall,U9,Jutul Gul,Jutul Grønn,0
2026-12-13,Baerum ishall,U9,Tønsberg,Jar Svart,1
2026-12-13,Baerum ishall,U9,Frisk Asker 4,Frisk Asker 2,2
2027-02-28,Baerum ishall,JU8,Jutul Kittens,Skien,0
2027-02-28,Baerum ishall,JU8,Jar,Ringerike 1,1
2027-02-28,Baerum ishall,JU8,Jar Rød,Frisk Asker,2
2027-02-28,Baerum ishall,JU8,Jutul Grønn,Skien,0
2027-02-28,Baerum ishall,JU8,Frisk Asker,Jutul Kittens,1
2027-02-28,Baerum ishall,JU8,Jar Rød,Jar,2
2027-02-28,Baerum ishall,JU8,Jutul Grønn,Ringerike 1,0
2027-02-28,Baerum ishall,JU8,Skien,Frisk Asker,1
2027-02-28,Baerum ishall,JU8,Jutul Kittens,Jar,2
2027-02-28,Baerum ishall,JU8,Jutul Grønn,Frisk Asker,0
2027-02-28,Baerum ishall,JU8,Jar Rød,Ringerike 1,1
2027-02-28,Baerum ishall,JU8,Jar,Skien,2
2027-02-28,Baerum ishall,JU8,Jutul Grønn,Jar Rød,0
2027-02-28,Baerum ishall,JU8,Frisk Asker,Jar,1
2027-02-28,Baerum ishall,JU8,Ringerike 1,Jutul Kittens,2
2027-02-28,Baerum ishall,JU8,Jutul Grønn,Jar,0
2027-02-28,Baerum ishall,JU8,Jutul Kittens,Jar Rød,1
2027-02-28,Baerum ishall,JU8,Skien,Ringerike 1,2
2027-02-28,Baerum ishall,JU8,Jutul Grønn,Jutul Kittens,0
2027-02-28,Baerum ishall,JU8,Jar Rød,Skien,1
2027-02-28,Baerum ishall,JU8,Frisk Asker,Ringerike 1,2
2027-02-28,Baerum ishall,JU8,(Pause),Jutul Grønn,
2027-02-28,Baerum ishall,JU8,(Pause),Ringerike 1,
2027-02-28,Baerum ishall,JU8,(Pause),Jar Rød,
2027-02-28,Baerum ishall,JU8,(Pause),Jutul Kittens,
2027-02-28,Baerum ishall,JU8,(Pause),Skien,
2027-02-28,Baerum ishall,JU8,(Pause),Frisk Asker,
2027-02-28,Baerum ishall,JU8,(Pause),Jar,
2026-10-18,Baerum ishall,U7,Jutul Grønn,Jar Svart,0
2026-10-18,Baerum ishall,U7,Jutul Rød,Sandefjord,1
2026-10-18,Baerum ishall,U7,Holmen Hockey Sort,Jar Grønn,2
2026-10-18,Baerum ishall,U7,Frisk Asker 2,Frisk Asker 3,3
2026-10-18,Baerum ishall,U7,Jutul Grønn,Sandefjord,0
2026-10-18,Baerum ishall,U7,Jar Grønn,Jar Svart,1
2026-10-18,Baerum ishall,U7,Frisk Asker 3,Jutul Rød,2
2026-10-18,Baerum ishall,U7,Frisk Asker 2,Holmen Hockey Sort,3
2026-10-18,Baerum ishall,U7,Jutul Grønn,Jar Grønn,0
2026-10-18,Baerum ishall,U7,Sandefjord,Frisk Asker 3,1
2026-10-18,Baerum ishall,U7,Jar Svart,Frisk Asker 2,2
2026-10-18,Baerum ishall,U7,Jutul Rød,Holmen Hockey Sort,3
2026-10-18,Baerum ishall,U7,Jutul Grønn,Frisk Asker 3,0
2026-10-18,Baerum ishall,U7,Frisk Asker 2,Jar Grønn,1
2026-10-18,Baerum ishall,U7,Holmen Hockey Sort,Sandefjord,2
2026-10-18,Baerum ishall,U7,Jutul Rød,Jar Svart,3
2026-10-18,Baerum ishall,U7,Jutul Grønn,Frisk Asker 2,0
2026-10-18,Baerum ishall,U7,Frisk Asker 3,Holmen Hockey Sort,1
2026-10-18,Baerum ishall,U7,Jar Grønn,Jutul Rød,2
2026-10-18,Baerum ishall,U7,Sandefjord,Jar Svart,3
2026-10-18,Baerum ishall,U7,Jutul Grønn,Holmen Hockey Sort,0
2026-10-18,Baerum ishall,U7,Jutul Rød,Frisk Asker 2,1
2026-10-18,Baerum ishall,U7,Jar Svart,Frisk Asker 3,2
2026-10-18,Baerum ishall,U7,Sandefjord,Jar Grønn,3
2026-10-18,Baerum ishall,U7,Jutul Grønn,Jutul Rød,0
2026-10-18,Baerum ishall,U7,Holmen Hockey Sort,Jar Svart,1
2026-10-18,Baerum ishall,U7,Frisk Asker 2,Sandefjord,2
2026-10-18,Baerum ishall,U7,Frisk Asker 3,Jar Grønn,3
2026-09-27,Holmenkollen ishall,U7,Holmen Hockey Sort,Tønsberg,0
2026-09-27,Holmenkollen ishall,U7,Frisk Asker 2,Jar Blå,1
2026-09-27,Holmenkollen ishall,U7,Jar Svart,Jutul Grønn,2
2026-09-27,Holmenkollen ishall,U7,Jutul Hvit,Frisk Asker 1,3
2026-09-27,Holmenkollen ishall,U7,Holmen Hockey Sort,Jar Blå,0
2026-09-27,Holmenkollen ishall,U7,Jutul Grønn,Tønsberg,1
2026-09-27,Holmenkollen ishall,U7,Frisk Asker 1,Frisk Asker 2,2
2026-09-27,Holmenkollen ishall,U7,Jutul Hvit,Jar Svart,3
2026-09-27,Holmenkollen ishall,U7,Holmen Hockey Sort,Jutul Grønn,0
2026-09-27,Holmenkollen ishall,U7,Jar Blå,Frisk Asker 1,1
2026-09-27,Holmenkollen ishall,U7,Tønsberg,Jutul Hvit,2
2026-09-27,Holmenkollen ishall,U7,Frisk Asker 2,Jar Svart,3
2026-09-27,Holmenkollen ishall,U7,Holmen Hockey Sort,Frisk Asker 1,0
2026-09-27,Holmenkollen ishall,U7,Jutul Hvit,Jutul Grønn,1
2026-09-27,Holmenkollen ishall,U7,Jar Svart,Jar Blå,2
2026-09-27,Holmenkollen ishall,U7,Frisk Asker 2,Tønsberg,3
2026-09-27,Holmenkollen ishall,U7,Holmen Hockey Sort,Jutul Hvit,0
2026-09-27,Holmenkollen ishall,U7,Frisk Asker 1,Jar Svart,1
2026-09-27,Holmenkollen ishall,U7,Jutul Grønn,Frisk Asker 2,2
2026-09-27,Holmenkollen ishall,U7,Jar Blå,Tønsberg,3
2026-09-27,Holmenkollen ishall,U7,Holmen Hockey Sort,Jar Svart,0
2026-09-27,Holmenkollen ishall,U7,Frisk Asker 2,Jutul Hvit,1
2026-09-27,Holmenkollen ishall,U7,Tønsberg,Frisk Asker 1,2
2026-09-27,Holmenkollen ishall,U7,Jar Blå,Jutul Grønn,3
2026-09-27,Holmenkollen ishall,U7,Holmen Hockey Sort,Frisk Asker 2,0
2026-09-27,Holmenkollen ishall,U7,Jar Svart,Tønsberg,1
2026-09-27,Holmenkollen ishall,U7,Jutul Hvit,Jar Blå,2
2026-09-27,Holmenkollen ishall,U7,Frisk Asker 1,Jutul Grønn,3
2026-12-06,Kongsberghallen,U8,Frisk Asker 5,Tønsberg,0
2026-12-06,Kongsberghallen,U8,Jar Rød,Sandefjord,1
2026-12-06,Kongsberghallen,U8,Holmen Hockey Sort,Frisk Asker 1,2
2026-12-06,Kongsberghallen,U8,Holmen Hockey Rød,Jar Svart,3
2026-12-06,Kongsberghallen,U8,Frisk Asker 5,Sandefjord,0
2026-12-06,Kongsberghallen,U8,Frisk Asker 1,Tønsberg,1
2026-12-06,Kongsberghallen,U8,Jar Svart,Jar Rød,2
2026-12-06,Kongsberghallen,U8,Holmen Hockey Rød,Holmen Hockey Sort,3
2026-12-06,Kongsberghallen,U8,Frisk Asker 5,Frisk Asker 1,0
2026-12-06,Kongsberghallen,U8,Sandefjord,Jar Svart,1
2026-12-06,Kongsberghallen,U8,Tønsberg,Holmen Hockey Rød,2
2026-12-06,Kongsberghallen,U8,Jar Rød,Holmen Hockey Sort,3
2026-12-06,Kongsberghallen,U8,Frisk Asker 5,Jar Svart,0
2026-12-06,Kongsberghallen,U8,Holmen Hockey Rød,Frisk Asker 1,1
2026-12-06,Kongsberghallen,U8,Holmen Hockey Sort,Sandefjord,2
2026-12-06,Kongsberghallen,U8,Jar Rød,Tønsberg,3
2026-12-06,Kongsberghallen,U8,Frisk Asker 5,Holmen Hockey Rød,0
2026-12-06,Kongsberghallen,U8,Jar Svart,Holmen Hockey Sort,1
2026-12-06,Kongsberghallen,U8,Frisk Asker 1,Jar Rød,2
2026-12-06,Kongsberghallen,U8,Sandefjord,Tønsberg,3
2026-12-06,Kongsberghallen,U8,Frisk Asker 5,Holmen Hockey Sort,0
2026-12-06,Kongsberghallen,U8,Jar Rød,Holmen Hockey Rød,1
2026-12-06,Kongsberghallen,U8,Tønsberg,Jar Svart,2
2026-12-06,Kongsberghallen,U8,Sandefjord,Frisk Asker 1,3
2026-12-06,Kongsberghallen,U8,Frisk Asker 5,Jar Rød,0
2026-12-06,Kongsberghallen,U8,Holmen Hockey Sort,Tønsberg,1
2026-12-06,Kongsberghallen,U8,Holmen Hockey Rød,Sandefjord,2
2026-12-06,Kongsberghallen,U8,Jar Svart,Frisk Asker 1,3
2027-02-27,Baerum ishall,U8,Jutul Gul,Tønsberg,0
2027-02-27,Baerum ishall,U8,Holmen Hockey Hvit,Jar Svart,1
2027-02-27,Baerum ishall,U8,Frisk Asker 3,Ringerike 1,2
2027-02-27,Baerum ishall,U8,Frisk Asker 1,Holmen Hockey Blå,3
2027-02-27,Baerum ishall,U8,Jutul Gul,Jar Svart,0
2027-02-27,Baerum ishall,U8,Ringerike 1,Tønsberg,1
2027-02-27,Baerum ishall,U8,Holmen Hockey Blå,Holmen Hockey Hvit,2
2027-02-27,Baerum ishall,U8,Frisk Asker 1,Frisk Asker 3,3
2027-02-27,Baerum ishall,U8,Jutul Gul,Ringerike 1,0
2027-02-27,Baerum ishall,U8,Jar Svart,Holmen Hockey Blå,1
2027-02-27,Baerum ishall,U8,Tønsberg,Frisk Asker 1,2
2027-02-27,Baerum ishall,U8,Holmen Hockey Hvit,Frisk Asker 3,3
2027-02-27,Baerum ishall,U8,Jutul Gul,Holmen Hockey Blå,0
2027-02-27,Baerum ishall,U8,Frisk Asker 1,Ringerike 1,1
2027-02-27,Baerum ishall,U8,Frisk Asker 3,Jar Svart,2
2027-02-27,Baerum ishall,U8,Holmen Hockey Hvit,Tønsberg,3
2027-02-27,Baerum ishall,U8,Jutul Gul,Frisk Asker 1,0
2027-02-27,Baerum ishall,U8,Holmen Hockey Blå,Frisk Asker 3,1
2027-02-27,Baerum ishall,U8,Ringerike 1,Holmen Hockey Hvit,2
2027-02-27,Baerum ishall,U8,Jar Svart,Tønsberg,3
2027-02-27,Baerum ishall,U8,Jutul Gul,Frisk Asker 3,0
2027-02-27,Baerum ishall,U8,Holmen Hockey Hvit,Frisk Asker 1,1
2027-02-27,Baerum ishall,U8,Tønsberg,Holmen Hockey Blå,2
2027-02-27,Baerum ishall,U8,Jar Svart,Ringerike 1,3
2027-02-27,Baerum ishall,U8,Jutul Gul,Holmen Hockey Hvit,0
2027-02-27,Baerum ishall,U8,Frisk Asker 3,Tønsberg,1
2027-02-27,Baerum ishall,U8,Frisk Asker 1,Jar Svart,2
2027-02-27,Baerum ishall,U8,Holmen Hockey Blå,Ringerike 1,3
2027-03-14,Kongsberghallen,U8,Kongsberg,Frisk Asker 1,0
2027-03-14,Kongsberghallen,U8,Jar Rød,Jutul Rød,1
2027-03-14,Kongsberghallen,U8,Frisk Asker 4,Ringerike 1,2
2027-03-14,Kongsberghallen,U8,Jar Blå,Holmen Hockey Sort,3
2027-03-14,Kongsberghallen,U8,Kongsberg,Jutul Rød,0
2027-03-14,Kongsberghallen,U8,Ringerike 1,Frisk Asker 1,1
2027-03-14,Kongsberghallen,U8,Holmen Hockey Sort,Jar Rød,2
2027-03-14,Kongsberghallen,U8,Jar Blå,Frisk Asker 4,3
2027-03-14,Kongsberghallen,U8,Kongsberg,Ringerike 1,0
2027-03-14,Kongsberghallen,U8,Jutul Rød,Holmen Hockey Sort,1
2027-03-14,Kongsberghallen,U8,Frisk Asker 1,Jar Blå,2
2027-03-14,Kongsberghallen,U8,Jar Rød,Frisk Asker 4,3
2027-03-14,Kongsberghallen,U8,Kongsberg,Holmen Hockey Sort,0
2027-03-14,Kongsberghallen,U8,Jar Blå,Ringerike 1,1
2027-03-14,Kongsberghallen,U8,Frisk Asker 4,Jutul Rød,2
2027-03-14,Kongsberghallen,U8,Jar Rød,Frisk Asker 1,3
2027-03-14,Kongsberghallen,U8,Kongsberg,Jar Blå,0
2027-03-14,Kongsberghallen,U8,Holmen Hockey Sort,Frisk Asker 4,1
2027-03-14,Kongsberghallen,U8,Ringerike 1,Jar Rød,2
2027-03-14,Kongsberghallen,U8,Jutul Rød,Frisk Asker 1,3
2027-03-14,Kongsberghallen,U8,Kongsberg,Frisk Asker 4,0
2027-03-14,Kongsberghallen,U8,Jar Rød,Jar Blå,1
2027-03-14,Kongsberghallen,U8,Frisk Asker 1,Holmen Hockey Sort,2
2027-03-14,Kongsberghallen,U8,Jutul Rød,Ringerike 1,3
2027-03-14,Kongsberghallen,U8,Kongsberg,Jar Rød,0
2027-03-14,Kongsberghallen,U8,Frisk Asker 4,Frisk Asker 1,1
2027-03-14,Kongsberghallen,U8,Jar Blå,Jutul Rød,2
2027-03-14,Kongsberghallen,U8,Holmen Hockey Sort,Ringerike 1,3
2027-02-06,Baerum ishall,U7,Jutul Rød,Jar Grønn,0
2027-02-06,Baerum ishall,U7,Jar Blå,Jar Svart,1
2027-02-06,Baerum ishall,U7,Holmen Hockey Sort,Frisk Asker 1,2
2027-02-06,Baerum ishall,U7,Holmen Hockey Rød,Sandefjord,3
2027-02-06,Baerum ishall,U7,Jutul Rød,Jar Svart,0
2027-02-06,Baerum ishall,U7,Frisk Asker 1,Jar Grønn,1
2027-02-06,Baerum ishall,U7,Sandefjord,Jar Blå,2
2027-02-06,Baerum ishall,U7,Holmen Hockey Rød,Holmen Hockey Sort,3
2027-02-06,Baerum ishall,U7,Jutul Rød,Frisk Asker 1,0
2027-02-06,Baerum ishall,U7,Jar Svart,Sandefjord,1
2027-02-06,Baerum ishall,U7,Jar Grønn,Holmen Hockey Rød,2
2027-02-06,Baerum ishall,U7,Jar Blå,Holmen Hockey Sort,3
2027-02-06,Baerum ishall,U7,Jutul Rød,Sandefjord,0
2027-02-06,Baerum ishall,U7,Holmen Hockey Rød,Frisk Asker 1,1
2027-02-06,Baerum ishall,U7,Holmen Hockey Sort,Jar Svart,2
2027-02-06,Baerum ishall,U7,Jar Blå,Jar Grønn,3
2027-02-06,Baerum ishall,U7,Jutul Rød,Holmen Hockey Rød,0
2027-02-06,Baerum ishall,U7,Sandefjord,Holmen Hockey Sort,1
2027-02-06,Baerum ishall,U7,Frisk Asker 1,Jar Blå,2
2027-02-06,Baerum ishall,U7,Jar Svart,Jar Grønn,3
2027-02-06,Baerum ishall,U7,Jutul Rød,Holmen Hockey Sort,0
2027-02-06,Baerum ishall,U7,Jar Blå,Holmen Hockey Rød,1
2027-02-06,Baerum ishall,U7,Jar Grønn,Sandefjord,2
2027-02-06,Baerum ishall,U7,Jar Svart,Frisk Asker 1,3
2027-02-06,Baerum ishall,U7,Jutul Rød,Jar Blå,0
2027-02-06,Baerum ishall,U7,Holmen Hockey Sort,Jar Grønn,1
2027-02-06,Baerum ishall,U7,Holmen Hockey Rød,Jar Svart,2
2027-02-06,Baerum ishall,U7,Sandefjord,Frisk Asker 1,3
2026-11-07,Varner Arena / Askerhallen,U7,Frisk Asker 2,Holmen Hockey Sort,0
2026-11-07,Varner Arena / Askerhallen,U7,Jar Rød,Jutul Rød,1
2026-11-07,Varner Arena / Askerhallen,U7,Holmen Hockey Hvit,Jutul Hvit,2
2026-11-07,Varner Arena / Askerhallen,U7,Jar Blå,Jar Grønn,3
2026-11-07,Varner Arena / Askerhallen,U7,Frisk Asker 2,Jutul Rød,0
2026-11-07,Varner Arena / Askerhallen,U7,Jutul Hvit,Holmen Hockey Sort,1
2026-11-07,Varner Arena / Askerhallen,U7,Jar Grønn,Jar Rød,2
2026-11-07,Varner Arena / Askerhallen,U7,Jar Blå,Holmen Hockey Hvit,3
2026-11-07,Varner Arena / Askerhallen,U7,Frisk Asker 2,Jutul Hvit,0
2026-11-07,Varner Arena / Askerhallen,U7,Jutul Rød,Jar Grønn,1
2026-11-07,Varner Arena / Askerhallen,U7,Holmen Hockey Sort,Jar Blå,2
2026-11-07,Varner Arena / Askerhallen,U7,Jar Rød,Holmen Hockey Hvit,3
2026-11-07,Varner Arena / Askerhallen,U7,Frisk Asker 2,Jar Grønn,0
2026-11-07,Varner Arena / Askerhallen,U7,Jar Blå,Jutul Hvit,1
2026-11-07,Varner Arena / Askerhallen,U7,Holmen Hockey Hvit,Jutul Rød,2
2026-11-07,Varner Arena / Askerhallen,U7,Jar Rød,Holmen Hockey Sort,3
2026-11-07,Varner Arena / Askerhallen,U7,Frisk Asker 2,Jar Blå,0
2026-11-07,Varner Arena / Askerhallen,U7,Jar Grønn,Holmen Hockey Hvit,1
2026-11-07,Varner Arena / Askerhallen,U7,Jutul Hvit,Jar Rød,2
2026-11-07,Varner Arena / Askerhallen,U7,Jutul Rød,Holmen Hockey Sort,3
2026-11-07,Varner Arena / Askerhallen,U7,Frisk Asker 2,Holmen Hockey Hvit,0
2026-11-07,Varner Arena / Askerhallen,U7,Jar Rød,Jar Blå,1
2026-11-07,Varner Arena / Askerhallen,U7,Holmen Hockey Sort,Jar Grønn,2
2026-11-07,Varner Arena / Askerhallen,U7,Jutul Rød,Jutul Hvit,3
2026-11-07,Varner Arena / Askerhallen,U7,Frisk Asker 2,Jar Rød,0
2026-11-07,Varner Arena / Askerhallen,U7,Holmen Hockey Hvit,Holmen Hockey Sort,1
2026-11-07,Varner Arena / Askerhallen,U7,Jar Blå,Jutul Rød,2
2026-11-07,Varner Arena / Askerhallen,U7,Jar Grønn,Jutul Hvit,3
